Time,Amplitude-X,Median-X,Mean-X,Max-X,Min-X,Peak-to-Peak-X,Variance-X,Std Dev-X,RMS-X,Skewness-X,Amplitude-Y,Median-Y,Mean-Y,Max-Y,Min-Y,Peak-to-Peak-Y,Variance-Y,Std Dev-Y,RMS-Y,Skewness-Y,Amplitude-Z,Median-Z,Mean-Z,Max-Z,Min-Z,Peak-to-Peak-Z,Variance-Z,Std Dev-Z,RMS-Z,Skewness-Z
12:02:11.161,12,12.0,12.0,12.0,12.0,0.0,0.0,0.0,144.0,NaN,55,55.0,55.0,55.0,55.0,0.0,0.0,0.0,3025.0,NaN,30,30.0,30.0,30.0,30.0,0.0,0.0,0.0,900.0,NaN
12:02:11.173,12,12.0,12.0,12.0,12.0,0.0,0.0,0.0,144.0,NaN,55,55.0,55.0,55.0,55.0,0.0,0.0,0.0,3025.0,NaN,30,30.0,30.0,30.0,30.0,0.0,0.0,0.0,900.0,NaN
12:02:11.189,13,12.0,12.333333333333334,13.0,12.0,1.0,0.3333333333333333,0.5773502691896257,152.33333333333334,1.7320508075688683,54,55.0,54.666666666666664,55.0,54.0,1.0,0.33333333333333337,0.5773502691896258,2988.6666666666665,-1.7320508075688403,30,30.0,30.0,30.0,30.0,0.0,0.0,0.0,900.0,NaN
12:02:11.191,13,13.0,12.5,13.0,12.0,1.0,0.3333333333333333,0.5773502691896257,156.5,0.0,54,55.0,54.5,55.0,54.0,1.0,0.3333333333333333,0.5773502691896257,2970.5,0.0,30,30.0,30.0,30.0,30.0,0.0,0.0,0.0,900.0,NaN
12:02:11.193,13,13.0,12.6,13.0,12.0,1.0,0.30000000000000004,0.5477225575051662,159.0,-0.6085806194501813,55,55.0,54.6,55.0,54.0,1.0,0.3,0.5477225575051661,2981.4,-0.6085806194501975,30,30.0,30.0,30.0,30.0,0.0,0.0,0.0,900.0,NaN
12:02:11.195,13,13.0,12.666666666666666,13.0,12.0,1.0,0.2666666666666667,0.5163977794943223,160.66666666666666,-0.9682458365518488,54,55.0,54.5,55.0,54.0,1.0,0.3,0.5477225575051661,2970.5,0.0,30,30.0,30.0,30.0,30.0,0.0,0.0,0.0,900.0,NaN
12:02:11.298,13,13.0,12.714285714285714,13.0,12.0,1.0,0.23809523809523817,0.48795003647426666,161.85714285714286,-1.2296340919151443,54,54.0,54.42857142857143,55.0,54.0,1.0,0.28571428571428575,0.5345224838248488,2962.714285714286,0.3741657386773783,29,30.0,29.857142857142858,30.0,29.0,1.0,0.14285714285714285,0.3779644730092272,891.5714285714286,-2.6457513110645965
12:02:11.300,14,13.0,12.875,14.0,12.0,2.0,0.4107142857142857,0.6408699444616557,166.125,0.06784256500917339,54,54.0,54.375,55.0,54.0,1.0,0.26785714285714285,0.5175491695067657,2956.875,0.6440611887195306,29,30.0,29.75,30.0,29.0,1.0,0.21428571428571427,0.4629100498862757,885.25,-1.4401645996461911
12:02:11.303,13,13.0,12.88888888888889,14.0,12.0,2.0,0.36111111111111105,0.6009252125773314,166.44444444444446,-0.018286819655779486,55,54.0,54.44444444444444,55.0,54.0,1.0,0.2777777777777778,0.5270462766947299,2964.4444444444443,0.271052370871587,30,30.0,29.77777777777778,30.0,29.0,1.0,0.19444444444444445,0.44095855184409843,886.8888888888889,-1.6198477414681236
12:02:11.308,13,13.0,12.9,14.0,12.0,2.0,0.32222222222222224,0.5676462121975467,166.7,-0.09112037889021524,55,55.0,54.5,55.0,54.0,1.0,0.2777777777777778,0.5270462766947299,2970.5,0.0,30,30.0,29.8,30.0,29.0,1.0,0.17777777777777778,0.4216370213557839,888.2,-1.7787811838447196
12:02:11.311,13,13.0,12.909090909090908,14.0,12.0,2.0,0.29090909090909095,0.5393598899705937,166.9090909090909,-0.15450413514782108,54,54.0,54.45454545454545,55.0,54.0,1.0,0.2727272727272727,0.5222329678670935,2965.5454545454545,0.21276157950141752,30,30.0,29.818181818181817,30.0,29.0,1.0,0.16363636363636364,0.40451991747794525,889.2727272727273,-1.9227181262840465
12:02:11.315,13,13.0,12.916666666666666,14.0,12.0,2.0,0.26515151515151525,0.5149286505444374,167.08333333333334,-0.21084751927598716,55,55.0,54.5,55.0,54.0,1.0,0.2727272727272727,0.5222329678670935,2970.5,0.0,30,30.0,29.833333333333332,30.0,29.0,1.0,0.1515151515151515,0.38924947208076144,890.1666666666666,-2.05523721258641
12:02:11.451,12,13.0,12.846153846153847,14.0,12.0,2.0,0.30769230769230765,0.554700196225229,165.30769230769232,-0.14340260754686654,54,54.0,54.46153846153846,55.0,54.0,1.0,0.2692307692307692,0.5188745216627708,2966.3076923076924,0.17520438393808957,30,30.0,29.846153846153847,30.0,29.0,1.0,0.14102564102564105,0.3755338080994054,890.9230769230769,-2.1787168040147358
12:02:11.460,13,13.0,12.857142857142858,14.0,12.0,2.0,0.28571428571428564,0.5345224838248487,165.57142857142858,-0.21586484923696167,54,54.0,54.42857142857143,55.0,54.0,1.0,0.26373626373626374,0.5135525910130955,2962.714285714286,0.324536706820762,29,30.0,29.785714285714285,30.0,29.0,1.0,0.1813186813186813,0.4258153136263201,887.3571428571429,-1.5656239814139363
12:02:11.467,12,13.0,12.8,14.0,12.0,2.0,0.31428571428571433,0.5606119105813882,164.13333333333333,-0.11226494077122938,54,54.0,54.4,55.0,54.0,1.0,0.2571428571428571,0.50709255283711,2959.6,0.4550830602384417,29,30.0,29.733333333333334,30.0,29.0,1.0,0.20952380952380958,0.4577377082170635,884.2666666666667,-1.1763539004879144
12:02:11.503,12,13.0,12.75,14.0,12.0,2.0,0.3333333333333333,0.5773502691896257,162.875,0.0,55,54.0,54.4375,55.0,54.0,1.0,0.2625,0.51234753829798,2963.6875,0.2788285922710094,29,30.0,29.6875,30.0,29.0,1.0,0.22916666666666666,0.47871355387816905,881.5625,-0.8952565163435889
12:02:11.513,13,13.0,12.764705882352942,14.0,12.0,2.0,0.3161764705882353,0.5622957145383871,163.23529411764707,-0.08271737931554932,54,54.0,54.411764705882355,55.0,54.0,1.0,0.25735294117647045,0.5072996561958922,2960.8823529411766,0.3942443042436511,30,30.0,29.705882352941178,30.0,29.0,1.0,0.2205882352941176,0.4696682183138621,882.6470588235294,-0.9936092085217784
12:02:11.529,13,13.0,12.777777777777779,14.0,12.0,2.0,0.30065359477124176,0.5483188805533161,163.55555555555554,-0.1585875023150473,54,54.0,54.388888888888886,55.0,54.0,1.0,0.25163398692810457,0.5016313257045503,2958.3888888888887,0.4983739794337629,30,30.0,29.72222222222222,30.0,29.0,1.0,0.21241830065359477,0.4608885989624768,883.6111111111111,-1.0848608560193629
12:02:11.648,13,13.0,12.789473684210526,14.0,12.0,2.0,0.2865497076023393,0.5353033790313109,163.8421052631579,-0.2287468833344919,54,54.0,54.36842105263158,55.0,54.0,1.0,0.24561403508771937,0.49559462778335217,2956.157894736842,0.5934641551186967,31,30.0,29.789473684210527,31.0,29.0,2.0,0.2865497076023392,0.5353033790313109,887.6842105263158,-0.22874688333450308
12:02:11.653,14,13.0,12.85,14.0,12.0,2.0,0.3447368421052631,0.5871429486123998,165.45,0.004333747459798951,54,54.0,54.35,55.0,54.0,1.0,0.2394736842105264,0.489360484929593,2954.15,0.6811611145540022,30,30.0,29.8,31.0,29.0,2.0,0.2736842105263158,0.5231483637805969,888.3,-0.29407748259856464
12:02:11.659,14,13.0,12.904761904761905,14.0,12.0,2.0,0.3904761904761903,0.6248809410409236,166.9047619047619,0.056493431768546556,54,54.0,54.333333333333336,55.0,54.0,1.0,0.23333333333333323,0.48304589153964783,2952.3333333333335,0.7627040392731125,30,30.0,29.80952380952381,31.0,29.0,2.0,0.2619047619047619,0.511766315719159,888.8571428571429,-0.3552757894248748
12:02:11.664,13,13.0,12.909090909090908,14.0,12.0,2.0,0.37229437229437223,0.6101593007521661,167.0,0.03430289849280457,54,54.0,54.31818181818182,55.0,54.0,1.0,0.2272727272727272,0.47673129462279606,2950.681818181818,0.8390470785361077,29,30.0,29.772727272727273,31.0,29.0,2.0,0.27922077922077926,0.5284134548067254,886.6818181818181,-0.26406383571737224
12:02:11.670,13,13.0,12.91304347826087,14.0,12.0,2.0,0.3557312252964427,0.5964320793656581,167.08695652173913,0.013306641629588742,54,54.0,54.30434782608695,55.0,54.0,1.0,0.22134387351778664,0.47047196889696485,2949.1739130434785,0.910939347940828,29,30.0,29.73913043478261,31.0,29.0,2.0,0.29249011857707513,0.5408235558637171,884.695652173913,-0.17490842173752044
12:02:11.679,13,13.0,12.916666666666666,14.0,12.0,2.0,0.34057971014492766,0.5835920751217649,167.16666666666666,-0.006628725985987962,54,54.0,54.291666666666664,55.0,54.0,1.0,0.2155797101449274,0.4643056214875364,2947.7916666666665,0.978979003289246,29,30.0,29.708333333333332,31.0,29.0,2.0,0.3025362318840579,0.5500329370901873,882.875,-0.09006240484489522
12:02:11.848,13,13.0,12.92,14.0,12.0,2.0,0.32666666666666677,0.5715476066494083,167.24,-0.025615781946965167,54,54.0,54.28,55.0,54.0,1.0,0.20999999999999988,0.4582575694955839,2946.52,1.0436507793895218,30,30.0,29.72,31.0,29.0,2.0,0.2933333333333333,0.541602560309064,883.56,-0.1532562041837474
12:02:11.877,13,13.0,12.96,14.0,12.0,2.0,0.2899999999999999,0.5385164807134504,168.24,-0.04732864691169769,54,54.0,54.24,55.0,54.0,1.0,0.18999999999999986,0.4358898943540672,2942.16,1.2966976262249,30,30.0,29.72,31.0,29.0,2.0,0.2933333333333332,0.541602560309064,883.56,-0.1532562041837474
12:02:11.916,13,13.0,13.0,14.0,12.0,2.0,0.25,0.5,169.24,0.0,54,54.0,54.2,55.0,54.0,1.0,0.16666666666666652,0.40824829046386285,2937.8,1.5974933105107465,30,30.0,29.72,31.0,29.0,2.0,0.2933333333333332,0.541602560309064,883.56,-0.1532562041837474
12:02:11.936,13,13.0,13.0,14.0,12.0,2.0,0.25,0.5,169.24,0.0,54,54.0,54.2,55.0,54.0,1.0,0.16666666666666652,0.40824829046386285,2937.8,1.5974933105107465,29,30.0,29.68,31.0,29.0,2.0,0.3100000000000001,0.5567764362830023,881.2,-0.01007603377429141
12:02:11.951,13,13.0,13.0,14.0,12.0,2.0,0.25,0.5,169.24,0.0,54,54.0,54.2,55.0,54.0,1.0,0.16666666666666652,0.40824829046386285,2937.8,1.5974933105107465,30,30.0,29.68,31.0,29.0,2.0,0.31000000000000005,0.5567764362830022,881.2,-0.010076033774291365
12:02:11.958,13,13.0,13.0,14.0,12.0,2.0,0.25,0.5,169.24,0.0,55,54.0,54.2,55.0,54.0,1.0,0.16666666666666652,0.40824829046386285,2937.8,1.5974933105107465,30,30.0,29.68,31.0,29.0,2.0,0.3100000000000001,0.5567764362830023,881.2,-0.010076033774291374
12:02:12.047,14,13.0,13.04,14.0,12.0,2.0,0.2899999999999999,0.5385164807134504,170.32,0.047328646911697775,54,54.0,54.2,55.0,54.0,1.0,0.16666666666666652,0.40824829046386285,2937.8,1.5974933105107465,30,30.0,29.68,31.0,29.0,2.0,0.31000000000000005,0.5567764362830022,881.2,-0.010076033774291372
12:02:12.053,14,13.0,13.08,14.0,12.0,2.0,0.32666666666666677,0.5715476066494083,171.4,0.025615781946965212,54,54.0,54.2,55.0,54.0,1.0,0.16666666666666652,0.40824829046386285,2937.8,1.5974933105107465,30,30.0,29.72,31.0,29.0,2.0,0.29333333333333317,0.5416025603090638,883.56,-0.1532562041837475
12:02:12.063,13,13.0,13.04,14.0,12.0,2.0,0.2899999999999999,0.5385164807134504,170.32,0.04732864691169749,54,54.0,54.2,55.0,54.0,1.0,0.16666666666666652,0.40824829046386285,2937.8,1.5974933105107463,29,30.0,29.72,31.0,29.0,2.0,0.29333333333333317,0.5416025603090638,883.56,-0.15325620418374755
12:02:12.070,13,13.0,13.04,14.0,12.0,2.0,0.28999999999999987,0.5385164807134503,170.32,0.047328646911697546,54,54.0,54.16,55.0,54.0,1.0,0.14000000000000004,0.37416573867739417,2933.44,1.9754091793527324,29,30.0,29.68,31.0,29.0,2.0,0.31000000000000005,0.5567764362830022,881.2,-0.01007603377429134
12:02:12.081,13,13.0,13.04,14.0,12.0,2.0,0.28999999999999987,0.5385164807134503,170.32,0.04732864691169755,54,54.0,54.12,55.0,54.0,1.0,0.10999999999999995,0.3316624790355399,2929.08,2.490745889990247,30,30.0,29.68,31.0,29.0,2.0,0.31000000000000005,0.5567764362830022,881.2,-0.010076033774291351
12:02:12.088,13,13.0,13.04,14.0,12.0,2.0,0.28999999999999987,0.5385164807134503,170.32,0.04732864691169731,54,54.0,54.12,55.0,54.0,1.0,0.10999999999999993,0.33166247903553986,2929.08,2.4907458899902477,29,30.0,29.64,31.0,29.0,2.0,0.32333333333333353,0.5686240703077329,878.84,0.13479422942319788
12:02:12.198,13,13.0,13.04,14.0,12.0,2.0,0.28999999999999987,0.5385164807134503,170.32,0.04732864691169733,55,54.0,54.12,55.0,54.0,1.0,0.10999999999999999,0.33166247903553997,2929.08,2.490745889990247,30,30.0,29.64,31.0,29.0,2.0,0.32333333333333353,0.5686240703077329,878.84,0.13479422942319788
12:02:12.206,13,13.0,13.08,14.0,12.0,2.0,0.24333333333333348,0.4932882862316249,171.32,0.2209528414182948,55,54.0,54.16,55.0,54.0,1.0,0.14000000000000004,0.37416573867739417,2933.44,1.975409179352731,30,30.0,29.64,31.0,29.0,2.0,0.32333333333333353,0.5686240703077329,878.84,0.13479422942319783
12:02:12.266,13,13.0,13.08,14.0,12.0,2.0,0.24333333333333348,0.4932882862316249,171.32,0.22095284141829485,55,54.0,54.2,55.0,54.0,1.0,0.16666666666666663,0.40824829046386296,2937.8,1.5974933105107465,30,30.0,29.68,31.0,29.0,2.0,0.3100000000000001,0.5567764362830023,881.2,-0.010076033774291296
12:02:12.272,13,13.0,13.12,14.0,12.0,2.0,0.19333333333333344,0.43969686527576407,172.32,0.6853570019161654,54,54.0,54.2,55.0,54.0,1.0,0.16666666666666663,0.40824829046386296,2937.8,1.5974933105107465,30,30.0,29.72,31.0,29.0,2.0,0.29333333333333306,0.5416025603090637,883.56,-0.15325620418374752
12:02:12.281,13,13.0,13.16,14.0,13.0,1.0,0.13999999999999993,0.37416573867739406,173.32,1.9754091793527007,55,54.0,54.2,55.0,54.0,1.0,0.16666666666666663,0.40824829046386296,2937.8,1.5974933105107465,30,30.0,29.76,31.0,29.0,2.0,0.2733333333333332,0.5228129047119373,885.92,-0.2951243215823504
12:02:12.289,13,13.0,13.16,14.0,13.0,1.0,0.13999999999999993,0.37416573867739406,173.32,1.9754091793527009,54,54.0,54.2,55.0,54.0,1.0,0.16666666666666663,0.40824829046386296,2937.8,1.5974933105107465,29,30.0,29.72,31.0,29.0,2.0,0.29333333333333317,0.5416025603090638,883.56,-0.15325620418374758
12:02:12.398,13,13.0,13.16,14.0,13.0,1.0,0.1399999999999999,0.374165738677394,173.32,1.9754091793527013,54,54.0,54.2,55.0,54.0,1.0,0.16666666666666663,0.40824829046386296,2937.8,1.5974933105107463,29,30.0,29.68,31.0,29.0,2.0,0.3100000000000001,0.5567764362830023,881.2,-0.010076033774291395
12:02:12.404,13,13.0,13.16,14.0,13.0,1.0,0.1399999999999999,0.374165738677394,173.32,1.9754091793527013,54,54.0,54.2,55.0,54.0,1.0,0.16666666666666663,0.40824829046386296,2937.8,1.5974933105107463,29,30.0,29.6,30.0,29.0,1.0,0.2500000000000001,0.5000000000000001,876.4,-0.4347826086956611
12:02:12.410,12,13.0,13.08,14.0,12.0,2.0,0.16000000000000006,0.4000000000000001,171.24,0.7540760869565205,55,54.0,54.24,55.0,54.0,1.0,0.18999999999999995,0.4358898943540673,2942.16,1.2966976262249001,29,30.0,29.56,30.0,29.0,1.0,0.2566666666666666,0.506622805119022,874.04,-0.25745935889729266
12:02:12.422,12,13.0,13.0,14.0,12.0,2.0,0.16666666666666666,0.408248290463863,169.16,0.0,55,54.0,54.28,55.0,54.0,1.0,0.21000000000000005,0.45825756949558405,2946.52,1.0436507793895204,29,30.0,29.52,30.0,29.0,1.0,0.25999999999999995,0.5099019513592784,871.68,-0.08526788484268598
12:02:12.436,13,13.0,13.0,14.0,12.0,2.0,0.16666666666666666,0.408248290463863,169.16,0.0,54,54.0,54.28,55.0,54.0,1.0,0.21000000000000005,0.45825756949558405,2946.52,1.0436507793895207,29,30.0,29.52,30.0,29.0,1.0,0.25999999999999995,0.5099019513592784,871.68,-0.08526788484268591
12:02:12.442,13,13.0,13.0,14.0,12.0,2.0,0.16666666666666666,0.408248290463863,169.16,0.0,55,54.0,54.32,55.0,54.0,1.0,0.2266666666666667,0.47609522856952335,2950.88,0.8219035275816556,29,30.0,29.52,30.0,29.0,1.0,0.25999999999999995,0.5099019513592784,871.68,-0.08526788484268598
12:02:12.604,12,13.0,12.96,14.0,12.0,2.0,0.20666666666666658,0.4546060565661951,168.16,-0.19436398835229043,54,54.0,54.32,55.0,54.0,1.0,0.2266666666666667,0.47609522856952335,2950.88,0.8219035275816556,29,30.0,29.52,30.0,29.0,1.0,0.25999999999999995,0.5099019513592784,871.68,-0.08526788484268591
12:02:12.668,13,13.0,12.96,14.0,12.0,2.0,0.20666666666666658,0.4546060565661951,168.16,-0.1943639883522905,55,54.0,54.36,55.0,54.0,1.0,0.24000000000000002,0.48989794855663565,2955.24,0.6212473985319692,29,29.0,29.48,30.0,29.0,1.0,0.25999999999999995,0.5099019513592784,869.32,0.08526788484268603
12:02:12.673,13,13.0,12.96,14.0,12.0,2.0,0.20666666666666658,0.4546060565661951,168.16,-0.19436398835229052,54,54.0,54.36,55.0,54.0,1.0,0.24000000000000007,0.4898979485566357,2955.24,0.621247398531969,29,29.0,29.44,30.0,29.0,1.0,0.25666666666666654,0.506622805119022,866.96,0.2574593588972929
12:02:12.679,13,13.0,12.96,14.0,12.0,2.0,0.20666666666666655,0.45460605656619507,168.16,-0.1943639883522906,54,54.0,54.36,55.0,54.0,1.0,0.24000000000000007,0.4898979485566357,2955.24,0.6212473985319689,29,29.0,29.4,30.0,29.0,1.0,0.25000000000000017,0.5000000000000001,864.6,0.43478260869566077
12:02:12.688,13,13.0,12.96,14.0,12.0,2.0,0.20666666666666655,0.45460605656619507,168.16,-0.1943639883522906,54,54.0,54.36,55.0,54.0,1.0,0.24000000000000007,0.4898979485566357,2955.24,0.621247398531969,30,29.0,29.44,30.0,29.0,1.0,0.25666666666666654,0.506622805119022,866.96,0.2574593588972929
12:02:12.694,13,13.0,12.96,14.0,12.0,2.0,0.20666666666666655,0.45460605656619507,168.16,-0.19436398835229043,55,54.0,54.4,55.0,54.0,1.0,0.2500000000000001,0.5000000000000001,2959.6,0.4347826086956611,29,29.0,29.4,30.0,29.0,1.0,0.25000000000000017,0.5000000000000001,864.6,0.4347826086956607
12:02:12.798,13,13.0,12.96,14.0,12.0,2.0,0.20666666666666655,0.45460605656619507,168.16,-0.19436398835229043,54,54.0,54.36,55.0,54.0,1.0,0.24000000000000007,0.4898979485566357,2955.24,0.621247398531969,29,29.0,29.36,30.0,29.0,1.0,0.24000000000000013,0.48989794855663577,862.24,0.6212473985319685
12:02:12.807,13,13.0,12.92,14.0,12.0,2.0,0.16000000000000003,0.4,167.08,-0.7540760869565202,54,54.0,54.36,55.0,54.0,1.0,0.2400000000000001,0.4898979485566357,2955.24,0.6212473985319689,30,29.0,29.36,30.0,29.0,1.0,0.2400000000000001,0.4898979485566357,862.24,0.6212473985319686
12:02:12.813,13,13.0,12.88,13.0,12.0,1.0,0.10999999999999997,0.33166247903553997,166.0,-2.49074588999023,54,54.0,54.36,55.0,54.0,1.0,0.2400000000000001,0.4898979485566357,2955.24,0.6212473985319689,29,29.0,29.32,30.0,29.0,1.0,0.2266666666666667,0.47609522856952335,859.88,0.8219035275816555
12:02:12.823,13,13.0,12.88,13.0,12.0,1.0,0.10999999999999997,0.33166247903553997,166.0,-2.49074588999023,55,54.0,54.4,55.0,54.0,1.0,0.2500000000000001,0.5000000000000001,2959.6,0.4347826086956611,29,29.0,29.32,30.0,29.0,1.0,0.2266666666666667,0.47609522856952335,859.88,0.8219035275816553
12:02:12.829,13,13.0,12.88,13.0,12.0,1.0,0.10999999999999997,0.33166247903553997,166.0,-2.49074588999023,54,54.0,54.4,55.0,54.0,1.0,0.25000000000000017,0.5000000000000001,2959.6,0.4347826086956608,29,29.0,29.32,30.0,29.0,1.0,0.2266666666666667,0.47609522856952335,859.88,0.8219035275816555
12:02:12.836,14,13.0,12.92,14.0,12.0,2.0,0.16000000000000006,0.4000000000000001,167.08,-0.7540760869565202,54,54.0,54.4,55.0,54.0,1.0,0.25000000000000017,0.5000000000000001,2959.6,0.43478260869566077,29,29.0,29.28,30.0,29.0,1.0,0.20999999999999996,0.45825756949558394,857.52,1.0436507793895218
12:02:12.948,14,13.0,12.96,14.0,12.0,2.0,0.20666666666666664,0.4546060565661952,168.16,-0.19436398835229032,54,54.0,54.4,55.0,54.0,1.0,0.25000000000000017,0.5000000000000001,2959.6,0.4347826086956608,29,29.0,29.28,30.0,29.0,1.0,0.20999999999999996,0.45825756949558394,857.52,1.0436507793895218
12:02:12.995,13,13.0,12.96,14.0,12.0,2.0,0.20666666666666658,0.4546060565661951,168.16,-0.19436398835229043,54,54.0,54.36,55.0,54.0,1.0,0.2400000000000001,0.4898979485566357,2955.24,0.6212473985319689,29,29.0,29.24,30.0,29.0,1.0,0.19000000000000003,0.4358898943540674,855.16,1.2966976262249257
12:02:13.016,13,13.0,12.96,14.0,12.0,2.0,0.20666666666666658,0.4546060565661951,168.16,-0.19436398835229043,54,54.0,54.32,55.0,54.0,1.0,0.2266666666666667,0.47609522856952335,2950.88,0.8219035275816556,29,29.0,29.2,30.0,29.0,1.0,0.16666666666666657,0.4082482904638629,852.8,1.5974933105107738
12:02:13.026,14,13.0,13.0,14.0,12.0,2.0,0.25,0.5,169.24,0.0,54,54.0,54.28,55.0,54.0,1.0,0.20999999999999996,0.45825756949558394,2946.52,1.0436507793895218,29,29.0,29.16,30.0,29.0,1.0,0.13999999999999993,0.37416573867739406,850.44,1.9754091793527007
12:02:13.031,14,13.0,13.04,14.0,12.0,2.0,0.2899999999999999,0.5385164807134504,170.32,0.04732864691169748,55,54.0,54.32,55.0,54.0,1.0,0.2266666666666667,0.47609522856952335,2950.88,0.8219035275816555,29,29.0,29.12,30.0,29.0,1.0,0.10999999999999995,0.3316624790355399,848.08,2.490745889990214
12:02:13.041,13,13.0,13.04,14.0,12.0,2.0,0.28999999999999987,0.5385164807134503,170.32,0.047328646911697525,54,54.0,54.28,55.0,54.0,1.0,0.20999999999999988,0.4582575694955839,2946.52,1.0436507793895222,29,29.0,29.08,30.0,29.0,1.0,0.07666666666666667,0.27688746209726917,845.72,3.297525541045
12:02:13.148,13,13.0,13.04,14.0,12.0,2.0,0.28999999999999987,0.5385164807134503,170.32,0.047328646911697546,55,54.0,54.32,55.0,54.0,1.0,0.2266666666666667,0.47609522856952335,2950.88,0.8219035275816555,29,29.0,29.08,30.0,29.0,1.0,0.07666666666666667,0.27688746209726917,845.72,3.2975255410449997
12:02:13.154,13,13.0,13.04,14.0,12.0,2.0,0.28999999999999987,0.5385164807134503,170.32,0.0473286469116973,55,54.0,54.36,55.0,54.0,1.0,0.24000000000000007,0.4898979485566357,2955.24,0.6212473985319688,30,29.0,29.12,30.0,29.0,1.0,0.10999999999999997,0.33166247903553997,848.08,2.490745889990213
12:02:13.166,14,13.0,13.08,14.0,12.0,2.0,0.3266666666666668,0.5715476066494084,171.4,0.025615781946965177,55,54.0,54.4,55.0,54.0,1.0,0.2500000000000001,0.5000000000000001,2959.6,0.43478260869566127,30,29.0,29.16,30.0,29.0,1.0,0.14,0.37416573867739417,850.44,1.9754091793526993
12:02:13.181,14,13.0,13.16,14.0,12.0,2.0,0.3066666666666665,0.5537749241945381,173.48,0.09728724422337569,54,54.0,54.36,55.0,54.0,1.0,0.24000000000000002,0.48989794855663565,2955.24,0.6212473985319689,31,29.0,29.24,31.0,29.0,2.0,0.2733333333333334,0.5228129047119374,855.24,2.196698558581967
12:02:13.186,15,13.0,13.28,15.0,12.0,3.0,0.3766666666666667,0.6137317546507324,176.72,0.9516711365090881,54,54.0,54.32,55.0,54.0,1.0,0.2266666666666667,0.47609522856952335,2950.88,0.8219035275816555,31,29.0,29.32,31.0,29.0,2.0,0.39333333333333337,0.627162924074226,860.04,1.8576831675580796
12:02:13.197,16,13.0,13.4,16.0,12.0,4.0,0.6666666666666665,0.8164965809277259,180.2,1.5974933105107678,54,54.0,54.32,55.0,54.0,1.0,0.2266666666666667,0.47609522856952335,2950.88,0.8219035275816555,31,29.0,29.4,31.0,29.0,2.0,0.49999999999999994,0.7071067811865475,864.84,1.5371886547533709
12:02:13.350,14,13.0,13.44,16.0,12.0,4.0,0.6733333333333335,0.8205689083394114,181.28,1.437690950996381,55,54.0,54.32,55.0,54.0,1.0,0.2266666666666667,0.47609522856952335,2950.88,0.8219035275816556,34,29.0,29.6,34.0,29.0,5.0,1.3333333333333333,1.1547005383792515,877.44,2.6474961392866634
12:02:13.384,14,13.0,13.52,16.0,13.0,3.0,0.5933333333333334,0.7702813338860895,183.36,1.7114144948965722,57,54.0,54.44,57.0,54.0,3.0,0.5066666666666668,0.7118052168020875,2964.2,2.1121403142191384,32,29.0,29.72,34.0,29.0,5.0,1.5433333333333332,1.2423096769056148,884.76,2.141600886449347
12:02:13.390,32,13.0,14.28,32.0,13.0,19.0,14.209999999999996,3.769615364994152,217.56,4.684010099201912,54,54.0,54.4,57.0,54.0,3.0,0.5000000000000001,0.7071067811865476,2959.84,2.305782982130052,41,29.0,30.2,41.0,29.0,12.0,6.583333333333333,2.565800719723442,918.36,3.4748588221943058
12:02:13.400,36,13.0,15.2,36.0,13.0,23.0,32.916666666666664,5.737304826019502,262.64,3.2588041696138648,56,54.0,54.48,57.0,54.0,3.0,0.5933333333333333,0.7702813338860894,2968.64,1.8560142743430978,45,29.0,30.84,45.0,29.0,16.0,15.223333333333334,3.901709027251178,965.72,2.9214759430488635
12:02:13.406,39,14.0,16.240000000000002,39.0,13.0,26.0,55.19,7.4289972405433025,316.72,2.5317709211193136,56,54.0,54.56,57.0,54.0,3.0,0.6733333333333335,0.8205689083394114,2977.44,1.5132346462868203,38,29.0,31.2,45.0,29.0,16.0,17.083333333333332,4.133198922545748,989.84,2.4122496197258445
12:02:13.416,47,14.0,17.6,47.0,13.0,34.0,92.25,9.604686356149273,398.32,2.1960382636722335,54,54.0,54.56,57.0,54.0,3.0,0.6733333333333335,0.8205689083394114,2977.44,1.5132346462868203,40,29.0,31.6,45.0,29.0,16.0,20.083333333333332,4.481443219916251,1017.84,1.9443943654876719
12:02:13.547,57,14.0,19.36,57.0,13.0,44.0,152.82333333333332,12.362173487430653,521.52,2.0309803530499644,50,54.0,54.36,57.0,50.0,7.0,1.4900000000000002,1.2206555615733703,2956.44,-1.3642709572226899,41,30.0,32.08,45.0,29.0,16.0,23.243333333333336,4.821134029803915,1051.44,1.5786915896398959
12:02:13.554,54,14.0,21.0,57.0,13.0,44.0,198.33333333333334,14.083086782851739,631.4,1.6703351310649837,47,54.0,54.08,57.0,47.0,10.0,3.66,1.9131126469708992,2928.16,-2.4520350392871944,36,30.0,32.36,45.0,29.0,16.0,23.406666666666666,4.838043681765044,1069.64,1.4090311326826153
12:02:13.560,58,14.0,22.8,58.0,13.0,45.0,249.33333333333334,15.790292376436016,759.2,1.4002027707820823,40,54.0,53.52,57.0,40.0,17.0,11.593333333333334,3.404898432161132,2875.52,-3.0961505507142273,33,30.0,32.48,45.0,29.0,16.0,23.176666666666666,4.814215062361326,1077.2,1.3542006055727929
12:02:13.569,60,14.0,24.679999999999996,60.0,13.0,47.0,299.31,17.300578025025636,896.44,1.1672575771499585,37,54.0,52.84,57.0,37.0,20.0,22.47333333333333,4.740604743419697,2813.64,-2.5927381970694587,33,31.0,32.64,45.0,29.0,16.0,22.65666666666667,4.759901959774663,1087.12,1.3091916553784835
12:02:13.576,54,14.0,26.320000000000004,60.0,13.0,47.0,326.6433333333334,18.073276773549765,1006.32,0.9327017523861402,25,54.0,51.64,57.0,25.0,32.0,53.073333333333345,7.28514470229201,2717.64,-2.7009172161646946,34,31.0,32.84,45.0,29.0,16.0,22.14,4.705316142407437,1099.72,1.2386557214296938
12:02:13.590,46,14.0,27.640000000000004,60.0,13.0,47.0,333.5733333333333,18.263990071540594,1084.2,0.7419162324846711,19,54.0,50.239999999999995,57.0,19.0,38.0,95.19,9.756536270623915,2615.44,-2.3495885257477176,27,31.0,32.76,45.0,27.0,18.0,22.94,4.789572005931219,1095.24,1.1701398618846626
12:02:13.699,42,15.0,28.76,60.0,13.0,47.0,333.1066666666667,18.251210005549403,1146.92,0.5840722048330739,11,54.0,48.519999999999996,57.0,11.0,46.0,155.67666666666665,12.477045590469992,2503.64,-2.0809864150183213,26,31.0,32.64,45.0,26.0,19.0,24.24,4.923413450036469,1088.64,1.0597174562826346
12:02:13.738,39,16.0,29.760000000000005,60.0,13.0,47.0,327.3566666666667,18.093000488218273,1199.92,0.45190774460137295,8,54.0,46.67999999999999,57.0,8.0,49.0,219.31000000000003,14.809118812407442,2389.56,-1.7672602991862145,28,31.0,32.6,45.0,26.0,19.0,24.583333333333332,4.958158260214505,1086.36,1.0447041278307654
12:02:13.753,35,32.0,30.640000000000004,60.0,13.0,47.0,315.98999999999995,17.776107560430656,1242.16,0.35406283576310715,6,54.0,44.760000000000005,57.0,6.0,51.0,282.19,16.798511838850487,2274.36,-1.4833404571193523,29,31.0,32.6,45.0,26.0,19.0,24.583333333333332,4.958158260214505,1086.36,1.0447041278307654
12:02:13.759,34,34.0,31.480000000000004,60.0,13.0,47.0,302.76,17.4,1281.64,0.2674896202315007,1,54.0,42.64000000000001,57.0,1.0,56.0,353.74,18.807977031036593,2157.76,-1.2635083997787795,29,31.0,32.6,45.0,26.0,19.0,24.583333333333332,4.958158260214505,1086.36,1.0447041278307654
12:02:13.769,30,34.0,32.12,60.0,13.0,47.0,289.6933333333333,17.020379940921803,1309.8,0.21214366658403389,1,54.0,40.44,57.0,-1.0,58.0,422.67333333333335,20.559020728948482,2041.16,-1.0578504376906348,30,31.0,32.64,45.0,26.0,19.0,24.323333333333327,4.931869152089634,1088.72,1.0460305947214252
12:02:13.775,27,34.0,32.64,60.0,13.0,47.0,276.82333333333327,16.63800869495305,1331.12,0.18234207548755854,1,54.0,38.20000000000001,57.0,-1.0,58.0,480.1666666666667,21.912705598959402,1920.2,-0.8587180554518177,33,31.0,32.8,45.0,26.0,19.0,23.75,4.873397172404482,1098.64,0.9959268122529134
12:02:13.898,29,34.0,33.28,60.0,13.0,47.0,260.87666666666667,16.15167689952553,1358.0,0.15094316921116027,0,50.0,36.040000000000006,57.0,-1.0,58.0,525.7066666666666,22.92829401998035,1803.56,-0.6657148362722234,39,32.0,33.2,45.0,26.0,19.0,24.58333333333333,4.958158260214505,1125.84,0.7909966379734423
12:02:13.903,36,35.0,34.2,60.0,13.0,47.0,243.16666666666666,15.593802187621423,1403.08,0.07497402639301512,7,47.0,34.12,57.0,-1.0,58.0,542.0266666666666,23.281466162307446,1684.52,-0.4786759711363471,50,33.0,34.04,50.0,26.0,24.0,34.873333333333335,5.905364792570679,1192.2,1.060128525633365
12:02:13.911,37,36.0,35.16,60.0,14.0,46.0,223.8066666666667,14.960169339505041,1451.08,0.004540161751971498,4,40.0,32.080000000000005,57.0,-1.0,58.0,557.3266666666667,23.607767083455112,1564.16,-0.3019850104225951,48,33.0,34.76,50.0,26.0,24.0,41.77333333333333,6.4632293269953935,1248.36,0.9112280698996424
12:02:13.920,37,36.0,36.08,60.0,14.0,46.0,204.41000000000008,14.29720252357083,1498.0,-0.05801170505411567,1,37.0,29.919999999999995,57.0,-1.0,58.0,570.8266666666666,23.89197912829045,1443.2,-0.1353763884155455,47,33.0,35.44,50.0,26.0,24.0,46.589999999999996,6.825686778632608,1300.72,0.7241761429101299
12:02:13.926,35,36.0,36.92,60.0,14.0,46.0,183.41000000000005,13.542894816101912,1539.16,-0.0745296403072985,3,25.0,27.880000000000003,57.0,-1.0,58.0,572.5266666666668,23.92752947269456,1326.92,0.03328407396400662,52,34.0,36.28,52.0,26.0,26.0,56.46,7.51398695766768,1370.44,0.6708738053336579
12:02:13.933,34,36.0,37.68,60.0,14.0,46.0,163.14333333333335,12.77275746788192,1576.4,-0.05473491782425471,2,19.0,25.799999999999994,57.0,-1.0,58.0,567.5000000000001,23.822258499143192,1210.44,0.20142951741958276,49,34.0,37.0,52.0,26.0,26.0,61.5,7.842193570679061,1428.04,0.49694473393589994
12:02:14.098,36,36.0,38.48,60.0,14.0,46.0,143.01000000000002,11.95867885679685,1618.0,-0.015444067366836999,0,11.0,23.640000000000008,57.0,-1.0,58.0,557.24,23.605931458004363,1093.8,0.3699226223818549,48,36.0,37.68,52.0,26.0,26.0,64.56,8.034923770640267,1481.76,0.32044613284257223
12:02:14.165,38,37.0,39.44,60.0,14.0,46.0,117.09000000000003,10.820813278122861,1667.92,0.21345271898809431,0,8.0,21.440000000000005,57.0,-1.0,58.0,534.5066666666668,23.119400222900826,972.8,0.5435956010359716,50,38.0,38.32,52.0,26.0,26.0,69.89333333333332,8.360223282504679,1535.52,0.18313920363184247
12:02:14.177,37,37.0,40.36,60.0,27.0,33.0,89.49000000000001,9.459915433025817,1714.84,0.881342868753949,1,7.0,19.200000000000003,56.0,-1.0,57.0,494.0,22.22611077089287,842.88,0.7209006312823961,49,39.0,39.0,52.0,26.0,26.0,72.5,8.514693182963201,1590.6,0.020248973086713914
12:02:14.186,36,37.0,40.519999999999996,60.0,27.0,33.0,87.34333333333332,9.345765529550446,1725.72,0.8860200260854763,0,6.0,17.040000000000006,56.0,-1.0,57.0,454.04,21.308214378497322,726.24,0.9194462975830251,46,39.0,39.2,52.0,26.0,26.0,74.33333333333334,8.621678104251709,1608.0,-0.03247921607433634
12:02:14.192,37,37.0,40.56,60.0,27.0,33.0,87.00666666666666,9.327736417087838,1728.64,0.879903401779078,1,4.0,14.760000000000003,56.0,-1.0,57.0,398.9399999999999,19.973482420449365,600.84,1.1207906683304165,49,39.0,39.36,52.0,26.0,26.0,76.90666666666665,8.769644614616185,1623.04,-0.040263108500165234
12:02:14.198,36,37.0,40.44,60.0,27.0,33.0,87.75666666666667,9.367852831181043,1719.64,0.9054064199121717,0,3.0,12.519999999999998,54.0,-1.0,55.0,331.92666666666673,18.21885470238639,475.4,1.3304645077052508,53,40.0,39.96,53.0,26.0,27.0,84.20666666666669,9.176419054656707,1677.64,-0.09978472202634782
