Time,Mean-X,Variance-X,Skewness-X,Kurtosis-X,RMS-X,Mean-Y,Variance-Y,Skewness-Y,Kurtosis-Y,RMS-Y,Mean-Z,Variance-Z,Skewness-Z,Kurtosis-Z,RMS-Z
12:00:06.636,-0.022828025743365288,0.0,NaN,NaN,5.211187593397483E-4,0.03902183845639229,0.0,NaN,NaN,0.001522703876516776,0.021228592842817307,0.0,NaN,NaN,4.5065315408611417E-4
12:00:06.668,-0.019599206745624542,2.0850544240343105E-5,NaN,NaN,3.945541771779061E-4,0.023227971512824297,4.988924660622594E-4,NaN,NaN,7.889848936317068E-4,0.01786000467836857,2.2694772443328237E-5,NaN,NaN,3.3032715333301127E-4
12:00:06.706,-0.017977244531114895,1.8317556396062657E-5,-1.4513454419876042,NaN,3.3539302519554223E-4,0.024893279808262985,2.577659881877004E-4,-0.8933472793733614,NaN,7.915193717376072E-4,0.018085157498717308,1.1499467599197094E-5,-0.5870223066194431,NaN,3.3473923348620896E-4
12:00:06.754,-0.0151499779894948,4.41854486534996E-5,0.3536450428426905,1.2738459889425826,2.626609195723016E-4,0.022658276138827205,1.9182495773469922E-4,0.18166842547921316,-1.8686283950148432,6.572661958843707E-4,0.019052699208259583,1.141085957161401E-5,-1.0425705979934727,-0.025830947352890377,3.7156349179912583E-4
12:00:06.784,-0.013847588002681733,4.1620184878879415E-5,-0.3562413382163173,-0.82822012019047,2.2505184139511857E-4,0.02148160692304373,1.5079147051788691E-4,0.5980310143036519,-0.4638582944166689,5.820926124104698E-4,0.018051538802683353,1.3569755467178305E-5,-0.1473075680601522,-2.8950505481919384,3.367138575185254E-4
12:00:06.824,-0.013311445247381926,3.5020842227466344E-5,-0.6931511648148047,-0.10297891997777864,2.0637860976360214E-4,0.021699316954861086,1.2091756236203303E-4,0.5110308153579024,0.21061847483327867,5.716249916092159E-4,0.017076739110052586,1.655721101826088E-5,0.1331702610356129,-2.2630064104738983,3.054126944813503E-4
12:00:06.865,-0.012839393291090215,3.0743866535627094E-5,-0.9646350797606978,0.5114475869462058,1.9120190568525853E-4,0.019237848930060863,1.431764091614915E-4,0.4899874495031016,-0.2319578732875911,4.928174678799794E-4,0.018999792901532992,3.9684627043040865E-5,0.9760578249950074,0.8152488379898415,3.9500752490946416E-4
12:00:06.906,-0.012772253365255892,2.6387947759094384E-5,-1.0423419886353864,1.0909713864025603,1.8621991031549806E-4,0.01796759886201471,1.356309183071056E-4,0.7455466330330047,-0.056312745531670316,4.4151166238498975E-4,0.017286309914197773,5.7503586191418514E-5,0.2530837832675656,0.6051836529337171,3.491321483671834E-4
12:00:06.950,-0.012851895867950387,2.314654064332658E-5,-1.0072149329691662,1.3971430952621162,1.8574593019470828E-4,0.0176844477860464,1.1939862430511554E-4,0.859538167135004,0.4521970265798325,4.188718039908374E-4,0.01655398128140304,5.514238495519025E-5,0.49680261732111564,0.47330594171409857,3.230497495585446E-4
12:00:06.984,-0.011594198210514151,3.639273676927403E-5,0.022655329050762032,1.2051766380439917,1.6717889523703615E-4,0.016952172107994556,1.114943871800989E-4,1.037387523315385,0.8009568723751181,3.877210876411576E-4,0.016168779274448753,5.0499259155118533E-5,0.6712610662632819,0.7747758798441389,3.068787564654502E-4
12:00:07.024,-0.010842328835596247,3.8971846218680465E-5,-0.1417643000114263,0.4018829092419338,1.5298504568709317E-4,0.017157721587202766,1.0080970493451943E-4,0.9881364382346592,0.9894024757620814,3.8603259636807235E-4,0.015498438892378048,5.039225174578836E-5,0.8029868646810632,0.7175546866111988,2.860127460514932E-4
12:00:07.064,-0.01055428221540448,3.642460137273813E-5,-0.291501874886358,0.5353974137199735,1.4478209100741323E-4,0.017626666463911533,9.428409787280538E-5,0.8223292331884231,0.7970556159773263,3.9712646034672177E-4,0.015452467254363,4.5836498648738125E-5,0.850567430662583,1.073534741725406,2.8079553467517075E-4
12:00:07.105,-0.009848085211930223,3.987250262531819E-5,-0.3254147434862913,0.10430540104313257,1.33790169380194E-4,0.016208698001439467,1.1256533900408834E-4,0.5294603575536622,0.5127249382463028,3.666283576748725E-4,0.014639412769331383,5.061053917120035E-5,0.7459451546767316,0.757260531722117,2.610298270042784E-4
12:00:07.150,-0.009625325160283995,3.750009560728728E-5,-0.44063661412770744,0.28752248365334054,1.2746840179082E-4,0.016113387715969502,1.0403364348023379E-4,0.5755230424426866,0.8013241941771749,3.562439326310882E-4,0.013703599089889653,5.8977882170239406E-5,0.5235329470613183,0.4632904595540204,2.4255380431736112E-4
12:00:07.187,-0.010002640493136521,3.695702025570808E-5,-0.2649842787151823,0.006941810885476407,1.3454603574026194E-4,0.015902326283200333,9.727087287196998E-5,0.6559727408762687,1.0708989861051599,3.436701292312028E-4,0.013058089138939976,6.10154227525624E-5,0.5866892881493624,0.29685397819713355,2.2746141986289373E-4
12:00:07.224,-0.010017532547863084,3.4496767278031214E-5,-0.2629425230032418,0.21715765854290847,1.326916776706505E-4,0.013906379255786305,1.5452702059372495E-4,-0.43341292351983873,1.7736464121739193,3.3825646581238085E-4,0.012166014181275386,6.968049158386809E-5,0.4314100032911431,0.10812276976493296,2.133373619188701E-4
12:00:07.264,-0.009828257222098354,3.294974685519113E-5,-0.36154838151374474,0.3370981677792382,1.27606166475673E-4,0.013351118133869022,1.5011043533633543E-4,-0.2990446616325163,1.5977972759368577,3.1953276515284194E-4,0.011618687778108698,7.041808611713385E-5,0.5203255039491649,0.03401931588789431,2.0126975144247488E-4
12:00:07.305,-0.009048502644873224,4.19558360646083E-5,0.02984561552778622,0.36052680293311923,1.2150035639751888E-4,0.012820529308454653,1.4634785075809853E-4,-0.17466326787822117,1.4534226033222604,3.025833863538155E-4,0.010664616510944646,8.266038144820675E-5,0.29178646545257275,-0.019059283539508254,1.9180218335993068E-4
12:00:07.345,-0.008534876475000362,4.4637381288428246E-5,-0.03928031405999751,-0.004706511637728283,1.151321618746571E-4,0.011921029730920532,1.535903049145679E-4,-0.07145491388714073,0.8957627529987451,2.876175545013977E-4,0.010430001561824035,7.911397734708396E-5,0.37303531052076266,0.10697704431917199,1.8373501638215242E-4
12:00:07.385,-0.009262689149181824,5.288227120512597E-5,-0.16292003669288777,-0.17605156558546842,1.3603556791924034E-4,0.011945818222011437,1.4551889404171777E-4,-0.07981999733657053,1.0955989028478612,2.809455223329724E-4,0.009792305057635531,8.308322043158542E-5,0.399864430397703,-0.05829986584660407,1.7481829775180052E-4
12:00:07.425,-0.007069881067201054,1.5121471061727373E-4,2.2723490906714936,7.918050668635971,1.9399722841605713E-4,0.012128844898792781,1.3894642339231793E-4,-0.13041780997272032,1.2531584195807395,2.7943880561927443E-4,0.009854198827053467,7.90095070225541E-5,0.38455388153764286,0.07670218697339548,1.7235238406839148E-4
12:00:07.465,-0.006492076202200473,1.5135889627609271E-4,2.0534341411351162,6.812879551252111,1.866259998605389E-4,0.010865153191844001,1.6746209510494747E-4,-0.28948645807341433,0.7335187868504951,2.779017355733241E-4,0.009200867006174205,8.463768384510466E-5,0.3637603070383181,-0.08585129220437127,1.6544647006290494E-4
12:00:07.505,-0.0059412772622992015,1.5145667430587764E-4,1.8568661238580937,5.881619280093915,1.8017037701748335E-4,0.010944994568885504,1.5999679853730757E-4,-0.31519837581791943,0.9026034605306714,2.7283332210514046E-4,0.00837560945048766,9.645466716160754E-5,0.2015712989686148,-0.13472848215540267,1.6241181964776633E-4
12:00:07.544,-0.004354323235020274,2.0531375554269312E-4,1.647633613646787,3.222240629814793,2.1571914656345165E-4,0.009921558354108129,1.7817853644943552E-4,-0.29961765089578074,0.3797412631103554,2.6919175093801517E-4,0.00836483097615807,9.226377419288108E-5,0.20894910849869242,-0.001919393047722373,1.5838984752787125E-4
12:00:07.585,-0.0045609976479317966,1.9782687355222235E-4,1.7090866723641245,3.5002738354306375,2.1071649815457283E-4,0.009553021665196868,1.7414991304088432E-4,-0.2204005677748277,0.34794622413258924,2.5844413945496963E-4,0.0072326022712513776,1.2046799627354468E-4,-0.3054605664853768,0.6303259612035763,1.6795981203671353E-4
12:00:07.625,-0.003182044489076364,1.9288680204536745E-4,1.6253070875994007,2.959124818999478,1.95296737094014E-4,0.007534242782276122,1.5209698198837422E-4,-0.5727969696225345,-0.4272993646641896,2.0277791701111907E-4,0.0067817988200113205,1.1240392162065745E-4,-0.30359801035157213,0.9943024937568623,1.5390055999093803E-4
12:00:07.665,-0.0024771191773470484,1.8594146737555909E-4,1.5910178486502495,2.9885399388974196,1.8463992809931732E-4,0.006367732535582034,1.8635899473687603E-4,-0.5890802813036998,-0.5890929511424137,2.19452652592111E-4,0.006006936817429958,1.1496859593543677E-4,-0.13252384324463332,0.7748053433614093,1.464531420266149E-4
12:00:07.706,-0.001956945055862891,1.79423998315512E-4,1.5864930416233376,3.121814255419883,1.7607667233455776E-4,0.0036040061968378723,2.514709605118637E-4,-1.117141721444142,1.0021923209626236,2.5440098275823493E-4,0.004342763884924349,1.4076864635664634E-4,-0.35719113160997584,0.8546667085595363,1.539974986625837E-4
12:00:07.745,-0.0019370287226047388,1.792384346307849E-4,1.5846683784774291,3.1238994461775187,1.758209775177493E-4,0.003691847797017543,2.539238197335996E-4,-1.1056054024666506,0.9636922096061395,2.573966071005989E-4,0.0027395400544628504,1.461999863039097E-4,-0.3330252603333366,0.5958422179371405,1.4785706656175968E-4
12:00:07.785,-0.0012862937094178047,1.8074030504627956E-4,1.42892304378034,2.681078080978218,1.7516524435131625E-4,-4.478446883149456E-4,5.695169637934692E-4,-2.227569944609665,6.416070126956063,5.469368501065824E-4,0.0016218331968411773,1.5110188804074516E-4,-0.16710191258095738,0.3453955182797692,1.476881554374914E-4
12:00:07.824,-2.3480858071707065E-4,1.8791095998022838E-4,1.1971357945662036,1.8585626511647346,1.804496566505977E-4,-0.007320052732247854,0.001417530037200006,-2.7586937128213638,8.503411372317629,0.001414412007714895,0.001266287765465674,1.4642471583572203E-4,-0.10948653788309952,0.5363336999794157,1.421712119072612E-4
12:00:07.874,2.8086104081012143E-4,1.8406037164176833E-4,1.128368453971874,1.853376953456463,1.7677683970034253E-4,-0.009558750439900909,0.0014878404382229554,-2.445332436653393,6.798322892965119,0.0015196965306663425,-2.2264667320996435E-4,1.1104820860906483E-4,-0.6919957643275425,-0.33096021216390126,1.066558518057937E-4
12:00:07.914,1.4730878756381518E-4,1.880073309632937E-4,1.088874872202059,1.7432519842945435,1.805087376036555E-4,-0.013023773704189799,0.0016534806803341865,-2.024753031207281,4.398887455429697,0.001756960134618765,-8.244057977572089E-4,1.1318763006038619E-4,-0.5266769250695166,-0.5813532371600303,1.0933976977734644E-4
12:00:07.955,5.896108376327909E-4,1.803327268712673E-4,1.0987782884880088,1.9553640903148573,1.7346705873627066E-4,-0.020378623057622475,0.002570004916233788,-1.8815811250455625,3.09021237454625,0.0028824929973090985,-0.0010144258895888926,1.0952993453406348E-4,-0.5422092012415003,-0.507217231050269,1.0617779703816916E-4
12:00:08.014,5.6043742224574647E-5,1.884110830684271E-4,1.1055262841336353,1.757581038082348,1.8087778064673258E-4,-0.023482362267095592,0.002612064180599898,-1.6827854452965756,2.401666092527587,0.0030590029510190165,-0.002618060135282576,1.2799586254336293E-4,-0.6182830338031335,-0.3901763328454755,1.2973026691358425E-4
12:00:08.067,-6.438927818089729E-4,2.055871128679755E-4,0.9900013526752499,1.379916887767969,1.9777822626772224E-4,-0.026398774695117023,0.002565288391470614,-1.5777846024904945,2.140429396032456,0.0031595721612153404,-0.0037449239054694787,1.3294765417733853E-4,-0.4472970679856546,-0.7042257808478651,1.4165420306800174E-4
12:00:08.132,-0.001098057096824051,2.171227430212445E-4,0.9331528051896507,1.1319915249171535,2.0964356268828046E-4,-0.029243272554595023,0.002476102358248413,-1.5247866129567578,2.061527737634359,0.0032322272536208074,-0.005040350989438594,1.2445564889263587E-4,-0.410214848793589,-0.951314260542838,1.4488256103366507E-4
12:00:08.223,-0.0017177448375150562,2.2707895218457164E-4,0.9547490268950865,0.978736104454069,2.209464414239984E-4,-0.030950781581923357,0.002447835113057284,-1.4483700499813816,1.9377889966585853,0.0033078725890669193,-0.005863461499102414,1.24377138173031E-4,-0.2408735283555728,-1.0632261534594387,1.5378223339756607E-4
12:00:08.292,-0.0020557409478351493,2.3346401767489048E-4,0.958622756152767,0.8697914406204514,2.2835152781250104E-4,-0.03311156305484473,0.002358271810796059,-1.4247390568447083,1.9947482439354767,0.003360316546299175,-0.00649000323843211,1.2452988136833933E-4,-0.08874249345750655,-1.1111303812648976,1.61668828148465E-4
12:00:08.344,-0.0019907950563356276,2.3177948855173554E-4,0.9648351657982909,0.9002603092035297,2.2647157396599656E-4,-0.035038688359782105,0.002266197274225671,-1.4213877687226826,2.1117225729410025,0.003403259065230574,-0.0071593592641875144,1.210733815781496E-4,0.05838030032715893,-1.0285502267974418,1.674868713887312E-4
12:00:09.049,-0.0010534379584714792,2.3763439061136936E-4,0.7810828036860435,0.4831884344555104,2.2923874651926312E-4,-0.03759048345498741,0.002327949008687624,-1.2315764034662295,1.5313762541004987,0.0036478754947198017,-0.007032289570197464,1.2305066157237401E-4,0.03783133565467919,-1.0876375983225888,1.6758173170858707E-4
12:00:09.098,-0.0013172379275783906,2.4253228422312393E-4,0.7925195357780562,0.40869799208165825,2.3456610861204998E-4,-0.04253260691650211,0.002505536574548328,-1.0022636269503098,0.6613972287342795,0.004214337762680079,-0.006689411615952849,1.3305719060817354E-4,0.09390652144036639,-1.1219989815361884,1.7248313075149155E-4
12:00:09.169,-0.0023105183010920867,2.557652648686651E-4,0.8530564618770146,0.35691380396049377,2.508731490936E-4,-0.04761333099566399,0.002660451691447761,-0.7999098195995163,0.03873851255700522,0.004821062912292509,-0.005748007027432322,1.574389254660913E-4,0.17201396133745228,-1.0818302495711594,1.84180953234859E-4
12:00:09.249,-0.0038548606541007756,3.056706730527276E-4,0.5595440263266171,0.318028530383049,3.083037967931527E-4,-0.05199262321926652,0.0027444623761975705,-0.6069977106583467,-0.35236744396159425,0.005337916750370281,-0.005762072922661901,1.5709354477098472E-4,0.1728739989498725,-1.0756391807062595,1.8401128734621877E-4
12:00:09.319,-0.003891250705346468,3.0716213066881847E-4,0.5533397194744551,0.303032607111021,3.100174774939251E-4,-0.05683047016151249,0.002680408683343008,-0.4694371519653842,-0.5311135481745608,0.005802894674787851,-0.005906567480415107,1.5658052596258977E-4,0.2104409117114763,-1.0501299820420904,1.852048443247834E-4
12:00:09.389,-0.006297046309337021,2.479796388541059E-4,0.39884288837401066,0.13885543339252315,2.7771324552187666E-4,-0.06173824374563993,0.0025400610250393813,-0.37020184764779523,-0.6258006582299278,0.006250069324833852,-0.0065288011357188215,1.442242128457538E-4,0.2788101223268082,-0.7947992819385048,1.8108048860168704E-4
12:00:09.459,-0.008620465332642198,3.2514694831318E-4,-0.08401191641688681,0.7582423507855252,3.8645349293193874E-4,-0.06261324745602906,0.0024752272121037868,-0.35823044424797795,-0.5462869338146312,0.006296636880609563,-0.006658146437257528,1.4410091543815047E-4,0.3140448030825016,-0.7752483004217972,1.8266779280058955E-4
12:00:09.529,-0.008857051510130987,3.1925312794146013E-4,-0.06332731854609153,0.8865316091082764,3.8493036427691523E-4,-0.0655804377887398,0.0022297634967964708,-0.39755920269355854,-0.3748413456434667,0.006441366777487383,-0.0065196754224598405,1.4367965829387497E-4,0.2785564621643767,-0.7762332271548344,1.8043863957634688E-4
12:00:20.052,-0.041475254673277964,0.024131612880811722,-4.9175915866099915,24.4260013050272,0.024886545115792517,-0.017792901853099456,0.06449427404051648,4.733311353206328,23.18406494878581,0.06223109043524984,-0.020018099527806046,0.00428725962823873,-4.744494027615527,23.260885560218696,0.004516493551814329
12:00:20.069,-0.0699175708403345,0.04246231370137608,-3.274998216340059,9.606376467828662,0.04565228786553423,0.030111387781798806,0.12371121342960885,3.2066965572260497,9.255458645302712,0.11966946056657037,-0.03161296946927905,0.007646419699487996,-3.2053803237448437,9.282464934890108,0.008339942750174046
12:00:20.085,-0.09937405553064313,0.05914907121010562,-2.4808739012468024,4.574554311127739,0.06665831127430874,0.06753872357308868,0.15549084285496576,2.493278558829398,4.832144659676635,0.15383268832264918,-0.045810073483735315,0.011455791740153737,-2.451949208303417,4.499595424874371,0.013096122903132819
12:00:20.158,-0.1284776674152817,0.07422331985098805,-1.9694118738050763,2.0763771500797876,0.08776089808142029,0.09788348466157906,0.17286762855005855,2.077938597935425,2.8588642190505507,0.17553409997754982,-0.0590972313657403,0.014736500492202825,-1.949371720895627,2.039465393858266,0.017639523227610553
12:00:20.174,-0.15455666108406144,0.0843397539663084,-1.6039497702669987,0.6655716454513723,0.1048539252931095,0.12604630842804915,0.18455526720988133,1.7743472937179117,1.6662865199685708,0.193060728389825,-0.07030860338360073,0.017037356487280973,-1.58506098636692,0.6212064322911539,0.021299161937542204
12:00:20.212,-0.17784318739897576,0.09069755416172677,-1.3263767382503346,-0.19020557274008087,0.1186978512994849,0.14919558465480812,0.1927488720944718,1.5468485401340535,0.9070639118441663,0.20729823969118288,-0.08050430666655303,0.01852773693777848,-1.3051140103021648,-0.24533209542653633,0.02426757085212975
12:00:20.262,-0.19817703774548143,0.09317712612357339,-1.119987079921338,-0.6867676096285273,0.1287241793682044,0.17017055869102482,0.19343871809011456,1.4027137762141062,0.5479940178314608,0.21465918841172546,-0.08103200148791076,0.01846147144670507,-1.3020666211994694,-0.24837101728137423,0.024289197853973637
12:00:20.302,-0.2204941057262476,0.09568646567560762,-0.9178355185392195,-1.1114422369492183,0.140476657708601,0.19724822878837583,0.19376275591902828,1.2399240947485308,0.15355751337225598,0.22491910944241858,-0.08363387972116473,0.018173510917361906,-1.2811513185074055,-0.27516586895025563,0.024441196317881674
12:00:20.343,-0.24257458092994064,0.09759950598272439,-0.7293854149619532,-1.4315462214602073,0.1525379530567517,0.2120732088387013,0.19157462376115422,1.160026753364145,0.03569738729071803,0.22888668471785148,-0.08601951645687222,0.017933351881150937,-1.2573699934267415,-0.30466072376100106,0.02461537501737901
12:00:20.382,-0.2581227915955241,0.09629232344653911,-0.6048889041800855,-1.551318569838717,0.15906800604974394,0.23463541850447664,0.1906873448387526,1.0239492207633574,-0.20480602224760647,0.23811363066197333,-0.09199862172827124,0.01787707101055236,-1.1332301888670901,-0.5408809905453165,0.025625734570031807
12:00:20.422,-0.26805563374771735,0.09346772937767533,-0.5530257649464001,-1.5562364665447213,0.16158284298645875,0.2522519563138485,0.18365214525170714,0.9869388375569214,-0.2008551501834006,0.2399371089058026,-0.09808294175192715,0.01756104596065106,-1.035509041475699,-0.6919876363758926,0.026478867584936953
12:00:20.463,-0.283226636754116,0.09117976825854314,-0.44029253273194746,-1.6112387868683375,0.1677499052952494,0.266366605013609,0.17923814287953707,0.9343477797002053,-0.21377913008310756,0.24301978543083155,-0.10044750144705175,0.017352573912364503,-1.002655369061435,-0.7181668588982797,0.026748171502825383
12:00:20.502,-0.2927321017847862,0.08824220314371367,-0.3892704413502689,-1.5885095942231502,0.17040459843330352,0.2779008440673352,0.1748730862671075,0.8998698726441815,-0.19353298907127403,0.24510704194976055,-0.09840958995744586,0.01780059975317012,-0.9811352051343843,-0.7391513133754906,0.026773023158635945
12:00:20.543,-0.3025438548938837,0.08504824882730135,-0.3391661423298631,-1.5531138946813348,0.17317910300826064,0.2896175967156887,0.1703419446596487,0.8657567373575907,-0.1631574501592965,0.24740661920063406,-0.09982742270454763,0.01761168328979115,-0.9705828918340047,-0.7380120793231413,0.02687273028203193
12:00:20.583,-0.310240641789278,0.0819484240682883,-0.3143401483837945,-1.507599184591691,0.1749197429233799,0.29817634776234625,0.16623361518066862,0.8531564604155064,-0.11195496774615954,0.2484934049383335,-0.09852827733382581,0.017881586595808324,-0.9616178681743699,-0.7522128809380182,0.02687414456634728
12:00:20.622,-0.3177390385733452,0.078744725713864,-0.29665831093367445,-1.45648421305046,0.17655303331882316,0.3058968013525009,0.16229817689284767,0.8463807056558115,-0.05476095822010496,0.24937910289482512,-0.09748209225013853,0.018092909391991194,-0.956224129432668,-0.7632301948720808,0.026871951325776057
12:00:20.663,-0.32528740085079333,0.0753873197967993,-0.2851831100546189,-1.399889693449147,0.17818372015719203,0.3148930615186692,0.15792801213036842,0.8354353605747604,0.01175871228069214,0.25076853183775394,-0.0985092761181295,0.017937883945744613,-0.9512311288196152,-0.7586988471137541,0.0269244460692327
12:00:20.703,-0.3295320983545389,0.07284453336026869,-0.3093878808345295,-1.3846540167859414,0.17852215587180342,0.3220053166151047,0.15334396066735875,0.8526299912663738,0.09373576609421974,0.2508976261690583,-0.09622573256492613,0.018546226755764107,-0.9075464529598942,-0.780288090130492,0.027063769293190227
12:00:20.743,-0.3327810365275946,0.07096861007057058,-0.3265985234519376,-1.369660248869216,0.17887308394012794,0.3341543954610825,0.14586968241686274,0.8828890113195771,0.2276315273112961,0.25169405512614973,-0.09606897994875908,0.018581999067220873,-0.9061506667443936,-0.7823053187000806,0.02706796801292709
12:00:20.783,-0.3361796909139957,0.06904714895281001,-0.3448028922982174,-1.3532982752651948,0.17930204757772727,0.3460026317834854,0.13808950983954907,0.9352881261900537,0.37991460850472336,0.2522837506470653,-0.09770329445600508,0.018260455432037866,-0.910781553093827,-0.7645226219138701,0.02707597096231318
12:00:20.823,-0.3370324249134865,0.06853542200296389,-0.3514114779841095,-1.3510406085915312,0.17938486056591021,0.3562881126999855,0.13088262059286881,1.0058540699485814,0.5335953677872451,0.2525885350204717,-0.09785581680946051,0.01822813076234148,-0.911697047635968,-0.7625741557600572,0.027074766415294504
12:00:20.863,-0.3389688320772256,0.06736633772962901,-0.36772470109362515,-1.3475931012433713,0.17957155334024222,0.36592297464609147,0.12387327572229197,1.0957909600354752,0.6914650277585368,0.2528179680672443,-0.09779093847610057,0.01824066012884217,-0.9115550573743807,-0.7633162751082327,0.02707410137172496
12:00:20.903,-0.3410455832199659,0.06610865200747382,-0.38684079829105805,-1.345758985628708,0.17977639576102153,0.3728629046678542,0.11824110646727921,1.1970632356726916,0.8140259166010493,0.25253820788593745,-0.09702942273579539,0.01840322051347277,-0.9068183602731335,-0.7729307070951044,0.027081800569375543
12:00:20.943,-0.34177208113833335,0.0656850371881142,-0.3928027276085671,-1.3440123579746208,0.17986579114621712,0.37877485886216156,0.11406003796718661,1.2663770524943714,0.9254425641857758,0.2529680301545496,-0.09621222295798362,0.018571909422031664,-0.9031512559299815,-0.7827636729396232,0.027085824891667137
12:00:20.983,-0.343392726033926,0.06459587607598889,-0.4167492072506005,-1.3559957967231067,0.17993060532596025,0.3834364357590675,0.11032772516057292,1.3489463572379257,1.016160654752757,0.2529381164217675,-0.09463299301452938,0.018930015277881133,-0.8900521129534441,-0.802041901251787,0.02712821803365384
12:00:21.023,-0.3150915403664113,0.0586819597528719,-0.5317790269395184,-1.234242014369764,0.15561736017323471,0.33968751847743994,0.08547765832988773,1.5031019015537554,1.9481978428703535,0.19744616220605324,-0.08110914737917485,0.016889477269326058,-1.1071443955957812,-0.21950662428836276,0.022792591967129718
12:00:21.063,-0.28846910625696176,0.05391108988400083,-0.6746358228276096,-0.9806835220591608,0.13496907155333107,0.2934052902460098,0.05623875219489338,1.2214654198152184,0.7421203991220544,0.14007586645144288,-0.06833124053664505,0.014883116805978631,-1.364225489326671,0.6461888426268025,0.018956950567016333
12:00:21.103,-0.26150305539369584,0.04757942757904785,-0.7978048285442194,-0.7225866166363848,0.11406009845612423,0.25818487942218776,0.040962959939084734,1.0819656530721027,0.14868994963903814,0.10598387350377098,-0.054378975154831984,0.01170866632271777,-1.6077477483288483,1.722359348984738,0.014197392608698898
12:00:21.143,-0.234359585493803,0.03971274909882868,-0.8625838249393251,-0.6519216826359115,0.09304865444770265,0.23090740501880647,0.03236056493656564,1.1205492170108968,0.32362863683583587,0.08438437203162215,-0.041277015330269916,0.008284234718921991,-1.812048215610278,2.943416448105027,0.009656657324740452
12:00:21.182,-0.2089021418243647,0.03367430183979659,-0.9446600304598695,-0.45620714448242916,0.07596743462501171,0.20525025561451915,0.02571065225564216,1.1207160063009822,0.48434151012386106,0.0668098935952419,-0.02836904068477451,0.005401979458087478,-1.9413662873992636,4.283452321739024,0.00599070274913837
12:00:21.222,-0.18801192648708814,0.028070993277520575,-1.095872435972628,-0.01092712980072097,0.062296638047806,0.18365296483039853,0.019750543945801554,1.1364768872333528,0.6743082591654748,0.0526889336789651,-0.01827237111516296,0.002804426568915642,-1.3540183251509326,1.7075218379807504,0.0030261290523292583
12:00:21.263,-0.169395303055644,0.024607350951351147,-1.3235490445790072,0.8514114706608513,0.05231782561061059,0.167273997142911,0.017789968145922787,1.347443455420256,1.6858129297259943,0.04505895954025246,-0.016462712185457338,0.0028530616558781335,-1.415498801522077,1.7637589301710639,0.0030099600821442136
12:00:21.303,-0.14916866175830362,0.019122757930593065,-1.4845175446187282,1.7266839505945981,0.04060913726413254,0.1468112524598837,0.012883279705364847,1.221619011137367,1.811932647455838,0.03392149236598995,-0.012926792474463576,0.0028321474108522014,-1.5962160037451902,2.302892589220183,0.0028859634780959613
12:00:21.343,-0.1287937880307436,0.012523842534701063,-1.291671632267579,0.7437958720429805,0.028610728668621133,0.13549634300172325,0.012022028083947834,1.4707456022793874,2.9517461443212047,0.029900405927430554,-0.009392902376130228,0.0027512162472306373,-1.8260229459703032,3.1438574226795337,0.0027293942123889237
12:00:21.383,-0.11321616671979426,0.00964778840107233,-1.3615036697631036,1.2004492414662682,0.022079777271753687,0.11673479691147806,0.0071021795531347985,0.5806478941239568,-0.8485278707509711,0.020445105180973432,-0.003127440521493556,0.0017767902613685914,-1.972334405167576,4.979730443073063,0.0017154995351293277
12:00:21.423,-0.10413576014339926,0.009107286794460408,-1.6228399606553485,2.2350595198432677,0.019587251863325564,0.10632694393396376,0.006444480914965258,0.6683173786919504,-0.6100450672565043,0.01749212068470292,0.002063232799991966,9.035932398823895E-4,-1.1317630307072035,2.2988182110883892,8.717064398740563E-4
12:00:21.463,-0.08911671541631225,0.005711578562833913,-1.3299723840453335,0.5798506549465512,0.013424904386912533,0.09593155622482302,0.0052628105164907865,0.6302784362690598,-0.8570394510815853,0.014255161575547529,0.005732885515317321,5.631543012799312E-4,-0.45426579255006905,1.0581536294030585,5.734941055604687E-4
12:00:21.502,-0.07914156630635263,0.004679978375761001,-1.5126322339880303,1.5039240495251,0.010756166758153364,0.08790285289287565,0.004553894648678075,0.7443302405218293,-0.6072062398995306,0.01209865040943749,0.004579517869278789,5.343250821302129E-4,-0.3920294851402668,1.3586601131465974,5.339240627600478E-4
12:00:21.543,-0.06975963547825811,0.0032666497443277717,-1.5712188741320576,1.8605242284057493,0.008002390496614107,0.07865553628653288,0.003673072760103389,0.6623446765812637,-1.070668735551668,0.00971284323822134,0.006441877698525787,3.980782650880672E-4,0.15969943934095399,1.3695789393227402,4.236529227673083E-4
12:00:21.583,-0.06177292980253697,0.0025397682882862113,-1.775118013986027,3.411641620080224,0.006254072413143918,0.072240176461637,0.0034748077654573172,0.8337494354998787,-0.675142357839567,0.008554458550047477,0.006131673520430923,3.9380048314031506E-4,0.20697645692919933,1.4835706809234646,4.156458839758562E-4
12:00:21.622,-0.05401360474526881,0.0017678053827974048,-1.8711612232188122,5.4363058385000524,0.004614562665063634,0.06703763980418445,0.003266754633059143,1.0528402484674113,-0.12099909699676692,0.007630129598252346,0.00515815339051187,4.0553304395381327E-4,0.31991320533160794,1.2965579952700432,4.159182685957097E-4
12:00:21.663,-0.04660833664238453,8.499587671443497E-4,-0.40058344768748017,-0.9027706118849732,0.0029882974610284194,0.06015809122473,0.0026922605151093472,1.2052379627264596,0.42770362360735614,0.006203566034307908,0.006496828990057112,3.28875476621472E-4,0.8163473603655884,1.6469929207492298,3.579292444826594E-4
12:00:21.703,-0.04258031483739613,8.669114923312293E-4,-0.3761968200809114,-0.6062143194238092,0.0026453182442897584,0.05622529069078156,0.0027690568335163785,1.3139876709199336,0.7178902403768959,0.005819577873438606,0.0038344491925090558,2.1458819551122582E-4,0.01753433939704692,-0.5877885438456345,2.2070766830071018E-4
12:00:21.753,-0.03953517388552427,7.686022931368933E-4,-0.4810809955346333,-0.3190048557360452,0.0023008881755700577,0.04971506217611023,0.0020869368999921005,1.4510453565575745,1.3566905056032086,0.004475046831166921,0.0035301046725362533,2.0960097404562782E-4,0.06481081552694373,-0.46976823573098114,2.1367857408286493E-4
12:00:21.793,-0.035309196242160404,6.335106575297606E-4,-0.20079517248451856,-1.128189356033534,0.0018549095704959635,0.04264296694775113,0.001521049638948011,1.3827750751919743,1.3456011625041722,0.003278630283497085,0.004882171778008341,1.809184410378391E-4,0.10214016408274942,-0.37876222348568334,1.9751730466630664E-4
12:00:21.832,-0.033289995321101745,6.34869802976879E-4,-0.37024224861488964,-1.0244349158361965,0.0017176987993367792,0.03749097357620486,0.0011033317345435706,1.4574582046272322,2.0136221339735414,0.002464771564853518,0.004657625835388901,1.8350750105319892E-4,0.1434542796176053,-0.4466964116847141,1.9786067943355313E-4
12:00:21.872,-0.030321348423167367,6.132401041501624E-4,-0.4753891765309153,-0.8119238983060675,0.0015080946701832695,0.033082692056195816,7.180495567829918E-4,1.3003701120250841,1.8070899413918156,0.0017837920881967535,0.004508268404752014,1.8685691895634546E-4,0.15167988757952225,-0.5152225684500435,1.997071262073769E-4
12:00:21.912,-0.0275089406799816,5.4757538266837E-4,-0.5785433322156798,-0.588460569296779,0.0012824141846963825,0.030416023600264446,7.096574631080444E-4,1.4735885160089743,2.5456989089550675,0.0016064056562355663,0.0037586129829287524,1.8518582320807528E-4,0.3034980683647915,-0.41419941402778626,1.9190556183519284E-4
12:00:21.953,-0.024696524043829417,4.928026472308703E-4,-0.6782316089171639,-0.2825400454660416,0.0010830088411890799,0.026697659883066084,4.368612487296907E-4,1.1023241417189609,1.6111550765166438,0.001132151842012379,0.002714782282710074,1.930304734241042E-4,0.4330896302836915,-0.42691132516314667,1.926792973296565E-4
12:00:21.993,-0.023474918616266226,4.905154755060584E-4,-0.8333130039927491,-0.06126410885903333,0.0010219666605261386,0.024353091427474285,4.3574422002856027E-4,1.2229727845704044,2.242476924220729,0.001011387513302339,0.0019774826988577846,1.5985185407182712E-4,0.17141411308529583,-0.7933357810087607,1.5736821773323586E-4
12:00:22.033,-0.021101060149521803,3.7271968382083923E-4,-0.7583126988827453,-0.16526115477361225,8.030656359017426E-4,0.020221495115547446,3.202683015158262E-4,0.21526231092527953,0.036139134438204934,7.16366434163302E-4,0.0021752412989735604,1.6362083833767818E-4,0.1432047604752407,-0.8915379842737043,1.6180767951293117E-4
12:00:22.073,-0.019078845468611688,3.320622206431257E-4,-0.9386733667339568,0.4713808663070651,6.827820762325656E-4,0.01922767014184501,3.0140160809776596E-4,0.3415955308161479,0.43359185193969996,6.590488428574534E-4,0.0023883805796504013,1.680689956014012E-4,0.11878427044696264,-0.9898492136806603,1.6705059757059635E-4
12:00:22.113,-0.017162172201351494,2.979769107673533E-4,-1.1530169628698856,1.3684958070176725,5.805979890055011E-4,0.017665261094807642,2.8268879162571915E-4,0.5104787799910068,0.9064548492118929,5.834426895084151E-4,0.0029845027253031734,1.787527785556782E-4,0.045606288819180385,-1.1762601657842855,1.805099239307931E-4
12:00:22.153,-0.015120760298595999,2.7206931174118484E-4,-1.352180959825033,2.4889604330951247,4.898239312791343E-4,0.014861628962098618,2.6140064437696445E-4,0.21162360070727881,0.9720571052057547,4.718126340089744E-4,0.003459489736706018,1.7202899742232007E-4,-0.030689917910050633,-1.0467713141282644,1.7711590676380148E-4
12:00:22.192,-0.014470012647361731,2.797454430010278E-4,-1.3964922134721112,2.4417647719011155,4.77936891295795E-4,0.015115706128417512,2.666726894793411E-4,0.1754700012691066,0.8071092740450592,4.8449035366084623E-4,0.0025686179939657444,1.62384837776421E-4,0.10143661651278722,-0.8872183223818926,1.624872426642887E-4
12:00:22.232,-0.012091371597052782,1.6545005951308745E-4,-0.7449843657713031,-0.14808087615271326,3.0503332423057876E-4,0.012048474354087377,2.3455331708760167E-4,-0.5816440950217402,-0.3642312268421741,3.703369186651988E-4,0.0035422241967171435,1.390863240673863E-4,0.20160040290727113,-0.8980627121099451,1.460702233644992E-4
12:00:22.272,-0.01076797750152764,1.452456230360046E-4,-0.9169137139737671,0.49485040689792426,2.5538513758796983E-4,0.011239136075018905,2.2372463573266274E-4,-0.505532440824769,-0.2858070264214101,3.4109383001614755E-4,0.002186047909781336,1.4378494144801738E-4,0.29165511863597104,-0.7620259133679088,1.42812349253956E-4
12:00:22.323,-0.009269306115602373,1.2072911945677533E-4,-1.015064177775095,1.1856291725303265,2.0181999054324788E-4,0.010818345220177432,2.2366574689358022E-4,-0.417907522488675,-0.3456679675855825,3.3175571032077294E-4,0.0013609972875565281,1.1872663040681425E-4,0.12457844474672856,-0.8862174185310998,1.1582987880727789E-4
12:00:22.363,-0.007709563570824686,8.248565791047624E-5,-0.6129955892384399,-0.04413838771550349,1.3862360204664425E-4,0.009376157787628472,1.9924239741711026E-4,-0.44695503767784056,-0.39069939711472434,2.7918503637893187E-4,3.8993606343865436E-4,1.0050434937915122E-4,0.07832129081572316,-0.8871731381670536,9.663622553755517E-5
12:00:22.403,-0.007650522525218547,8.168764954840403E-5,-0.6319230244813592,0.028305840334758692,1.3695063847534423E-4,0.009238350023515522,1.9739433638474104E-4,-0.42827253731113235,-0.3596511850496813,2.748456740863407E-4,3.948874305933718E-4,1.0047419086807707E-4,0.07688831877102106,-0.8859022775861791,9.661115931619458E-5
12:00:22.443,-0.007026095884648384,7.05016553318456E-5,-0.7123084216351416,0.6933257693712749,1.170476124988447E-4,0.008841859404928981,1.9923728368160986E-4,-0.3374693463062944,-0.4628515603029739,2.694462700708766E-4,0.0012606716994196178,8.892716504473412E-5,0.053934936993555276,-0.8092082029592542,8.695937157666228E-5
12:00:22.483,-0.007193604158965172,7.482792540724357E-5,-0.7264939904274345,0.48267514877114204,1.235827491868348E-4,0.008221348975785078,1.8700579376335115E-4,-0.3085990850561395,-0.27118420225816386,2.471161409944594E-4,6.59994939342141E-4,9.296967239409152E-5,0.18272655177475913,-0.9166009182911221,8.968647881828509E-5
12:00:22.522,-0.007634400847164215,8.141774617940708E-5,-0.6127900254292286,-0.05872090085036419,1.3644511262741245E-4,0.005913866912014782,1.9647529162205552E-4,-0.5617190173853678,-0.37274188020890664,2.2359010181019652E-4,9.543467406183486E-4,9.640945747584236E-5,0.11501471277082044,-1.0693872901689274,9.346385687813749E-5
12:00:22.563,-0.007380727278796258,7.147852477219905E-5,-0.34049658119370196,-0.8012491885209476,1.230945189452783E-4,0.004891824577935043,2.0663153975348668E-4,-0.3847453450646231,-0.7034712561358303,2.2229622586463656E-4,8.940677437931303E-4,9.741453634716313E-5,0.11937075604767922,-1.0965983669477248,9.431731202376795E-5
12:00:22.603,-0.008022537874785485,8.476794195469152E-5,-0.38992063080119693,-0.8905127334546936,1.4573833822887144E-4,0.002978818123228845,2.7740389394514763E-4,-0.6317132629918252,-0.05949684758078222,2.751810955986183E-4,4.6188676264137047E-4,9.47599668583565E-5,0.24193179382424493,-0.9551013882219563,9.118290756552555E-5
12:00:22.643,-0.008389230790344298,8.86135709032567E-5,-0.28882618717235,-1.1068644603241276,1.5544822132078725E-4,0.0019338758336380144,2.593685929803761E-4,-0.5863703739284906,0.062074792817035096,2.5273372500109024E-4,0.0010924555221572517,8.792360306481169E-5,0.16695026643446004,-0.8292626630347582,8.560011801011108E-5
12:00:22.683,-0.008016130189207615,8.521499424289869E-5,-0.3982387933566473,-0.9007949679780345,1.4606473768350844E-4,5.539735453203334E-4,2.6168447156241546E-4,-0.4120278419200905,-0.17314792173788218,2.515239793888336E-4,0.0024597720103338356,1.1751941002937764E-4,0.49647485027042804,0.04699583002478169,1.1886911197102428E-4
12:00:22.733,-0.008444987741095247,7.5703325811227E-5,-0.5765832373183732,-0.9571104476593528,1.4399301072602692E-4,0.0012632322532590472,2.7293773494282964E-4,-0.4789527937276479,-0.29424180922997456,2.636159812707904E-4,0.0033212160924449563,1.1818035844362157E-4,0.322837817404018,-0.1302509122012303,1.2448362043859202E-4
12:00:22.773,-0.008215724286419571,7.221965206098455E-5,-0.6379267197296598,-0.7394419096796825,1.3682899152900953E-4,0.0014181673002894965,2.8019421478207976E-4,-0.43340954778378793,-0.31333534851608524,2.709976446824069E-4,0.003490070239640773,1.2044886123655462E-4,0.28274923146349834,-0.2560204431595876,1.2781149706471862E-4
12:00:22.813,-0.009134386520599946,7.748248669795344E-5,-0.4806653487975468,-1.0381499959668115,1.578202043377533E-4,8.632718527223915E-4,2.9394055649650954E-4,-0.35916480274696033,-0.5776237609639603,2.8292817252835185E-4,0.0028949686745181674,1.200855447674803E-4,0.4329652488678783,-0.1484134492779532,1.2366296660322256E-4
12:00:22.853,-0.009363526444649323,7.860516910365428E-5,-0.3959557287479586,-1.1520916045866145,1.631365898191553E-4,-0.0010863309225533169,3.33231489303775E-4,-0.28686776011763493,-0.7324475418605445,3.210823446049195E-4,0.0034492208482697602,1.202987414520594E-4,0.2900199679715388,-0.24438972255100744,1.273839162541158E-4
12:00:22.893,-0.01025529963779263,7.77368788215925E-5,-0.25467657795710813,-1.3041238859103257,1.7979857432963848E-4,-0.0014171404635999368,3.1996344013625637E-4,-0.3172220351470003,-0.6616237724806715,3.0917318962437825E-4,0.002743946430273353,1.4962755426548542E-4,-0.17669878531744493,0.24016956254701904,1.5117169410707587E-4
12:00:22.933,-0.009959263008786365,8.318922266030979E-5,-0.22280717478683498,-1.351234363306748,1.7904857343207785E-4,-0.0026992464944487426,3.57469192168722E-4,-0.2412294798640046,-0.9493832991759841,3.5045635611976683E-4,0.004051581979729236,1.7354753464871996E-4,-0.12030547496261769,0.06326734086813302,1.8302094980123787E-4
12:00:22.973,-0.011266070937272162,9.957363690851573E-5,-0.3367524796838736,-0.850243695759278,2.2251504579582352E-4,-0.0011373198166256772,4.835123249152958E-4,0.4572257450531558,0.48536892031639756,4.654653282839734E-4,0.004991149031557143,1.6142069110614408E-4,-0.253156822897128,0.463178447340042,1.7987543211711208E-4
12:00:23.013,-0.012503722233232113,1.3386711418136223E-4,-0.60822206202658,-0.16363215042125923,2.848554992999307E-4,-2.6772298326250123E-4,4.980408230486151E-4,0.3396971840247713,0.21693331179947783,4.781908657224375E-4,0.005010587410070001,1.6182452702783462E-4,-0.2539961664269516,0.44961686325769445,1.8045753214067324E-4
12:00:23.053,-0.015094169971998785,3.228349175292947E-4,-2.2190261692841196,6.9044279596703415,5.377554879717125E-4,-7.395103981252677E-5,4.926519729307852E-4,0.3275059947434237,0.2724428801651464,4.7295136276984313E-4,0.005168706797994674,1.653108205620222E-4,-0.2570513531506635,0.34093844499939685,1.854139177031776E-4
12:00:23.093,-0.01879666656022892,5.835420268184762E-4,-2.18011370624169,5.062772867965247,9.13515019522165E-4,-2.6869927009102025E-4,4.869105418678288E-4,0.34981415653072334,0.3613418514814102,4.675063194908631E-4,0.0038959748903289433,1.7983579866710114E-4,-0.13435255552302844,0.0030275382991904465,1.878209870664907E-4
12:00:23.133,-0.022990241728257383,8.825478347743894E-4,-1.9230166333852687,3.11097406243991,0.0013757971361071208,-0.003353151776245795,6.930513555413652E-4,-0.343795262211925,1.1767168392488072,6.765729281542508E-4,0.003813992650248111,1.7746841927704883E-4,-0.13951939699089835,0.05350061494643654,1.8491622244211345E-4
12:00:23.173,-0.026193170088808986,9.636913930679898E-4,-1.6108220176292398,1.6457098159969092,0.0016112258966465478,-0.005162359908572397,8.192987794955264E-4,-0.4158418958902181,0.5566048107919075,8.13176788141341E-4,0.005436498303897677,2.383822352003529E-4,0.3027394390368987,0.47612387310687687,2.584024596006211E-4
12:00:23.213,-0.03092150971060618,0.0012744411349800003,-1.4416528787678196,0.8937763847082474,0.002179603252363913,-0.01176525814866182,0.0014513597392856053,-1.510259173323385,4.01357420269297,0.001531726649018834,0.008109644069336355,3.704560345127429E-4,0.9735241610169805,1.9632585595406988,4.2140412006355546E-4
12:00:23.253,-0.03543189747026191,0.0015546035100435609,-1.2172525678526993,0.0691422697478905,0.0027478387279849703,-0.017452983543626035,0.0023545148367109677,-1.6888310260415738,3.2742727516119627,0.00256494087781661,0.0086258266819641,3.724170854837934E-4,0.883044661224888,1.791501596636615,4.319252880117254E-4
12:00:23.292,-0.0396406598831527,0.001706195457289916,-0.988667665758292,-0.6070508307884488,0.0032093295549701106,-0.03010416226868983,0.005686304002631999,-2.4987558091241824,7.381740435852132,0.006365112428426328,0.007648985083214939,4.4588168831446426E-4,0.3357472985960104,1.7055949917730997,4.865533935851303E-4
12:00:23.343,-0.04453596692066639,0.0018922223286092935,-0.8165381940438499,-1.032565235697208,0.003799985785023613,-0.0463417867611861,0.011062016593509283,-2.3868911508599924,5.708368450104665,0.012767097129988154,0.006725882585160434,4.7028109279091717E-4,0.3820509585795331,1.3408432209790861,4.967073456286448E-4
12:00:23.383,-0.05371420513838529,0.0031612037470140305,-1.4935652123108043,2.426861564232069,0.005919971430782007,-0.06176424123346807,0.015512968757427177,-1.94707086004521,2.9029462998210507,0.018707271502276124,0.0072310270788148055,4.6720856139004116E-4,0.31307130452391757,1.363252306365733,5.008079715489924E-4
12:00:23.423,-0.05858204089105128,0.003345062023413621,-1.2386248775171211,1.452372840877275,0.006643115057437882,-0.08261417832225562,0.023089025430989257,-1.7686579922609602,2.0944036511918025,0.028990566873611134,0.007958118612878023,4.657312340575943E-4,0.21151279832104947,1.3502653887610538,5.104336365519262E-4
12:00:23.463,-0.06982735257595779,0.0053245509836823786,-1.555995879924421,2.5226056592440305,0.0099874281121022,-0.10420919824391606,0.030947507170883962,-1.5281064810424696,1.0494275873015733,0.04056916388268839,0.008788281469605863,4.7827382698683994E-4,0.10492837255567339,1.0984613570763715,5.36376765096384E-4
12:00:23.502,-0.0718358291313052,0.005223604644913362,-1.5241317919448778,2.5375253632039225,0.010175046806098908,-0.13326874408870928,0.045130283512497225,-1.5089066838560687,1.2469810484347459,0.061085630322979236,0.011671170084737243,5.745376429268513E-4,0.2103313853547201,0.791014152084843,6.877723483566427E-4
12:00:23.543,-0.0743202153965831,0.005110133767251505,-1.4791092524675253,2.5378374339189342,0.01042922283315595,-0.17303659204393623,0.07559338165736068,-1.7326028595868517,2.6361827542128653,0.10251130857724589,0.0054942854261025775,0.0015486574993083411,-2.2573738203530165,8.514538330364369,0.0015168983716794904
12:00:23.583,-0.0755981554463506,0.005014710676712136,-1.4788618713020123,2.6235621043786885,0.010529203356534235,-0.21296730265021324,0.10207031105488734,-1.5157586796927243,1.4102477739412045,0.14334257061079939,0.012389191179536282,0.0025457167183405775,-0.10017374750720776,6.20455329634747,0.002597380107690054
12:00:23.623,-0.0724856061860919,0.00558071178511717,-1.1826745421093225,2.1273891293237615,0.010611646417877686,-0.24698013350367548,0.11857515752186149,-1.2346177230956363,0.295738159705881,0.17483133756648037,0.017346560293808582,0.0030138084445446947,-0.010234370587249027,4.245196810089517,0.003194159260789643
12:00:23.663,-0.07069505404680969,0.005864770827687709,-1.0914144405668353,1.8580968942814344,0.010627970661261543,-0.28248719535768024,0.1319957487813971,-0.996368373881118,-0.44035571075254243,0.20651493437118948,0.01757186427712441,0.0030085571757611936,-0.02307456973850437,4.2720864395608595,0.0031969853029044258
12:00:23.723,-0.0621314086765051,0.008818292746777347,0.25712544290875433,2.776621542978398,0.012325872981033145,-0.3158937455713749,0.14140538856310458,-0.781386788003266,-0.9439254316229526,0.23553803151169292,0.022142801955342288,0.0036421714389951493,0.14663981273545357,2.748954951877902,0.003986788259868853
12:00:23.772,-0.054591120174154635,0.011169441941635433,0.5223947262874271,1.8384869715549765,0.013702854665839013,-0.3472604203224183,0.14422291470917004,-0.5950404879382011,-1.2499055399668029,0.2590437976433059,0.026748833432793623,0.0040946795236919305,0.09992251430793382,1.8068698739832758,0.00464639243275959
12:00:23.842,-0.04740056484006344,0.013088714842729702,0.5334820713437033,0.9741903363074238,0.014811979796177575,-0.37589472226798526,0.14246862912508304,-0.43584463303781884,-1.4115863997684248,0.2780667261890056,0.03092062894254923,0.0044012863556422786,-0.003928396421420414,1.252581068619972,0.005181320195619401
12:00:23.913,-0.040472033610567434,0.014642362637510349,0.46110234947925943,0.323401081623663,0.015694653636584833,-0.4000308310240508,0.13902043522853905,-0.2938060247507228,-1.4687857901785257,0.2934842835891901,0.03526411212980748,0.004557361866445105,-0.14862955355194477,1.0239052186442388,0.0056186249960909354
12:00:23.982,-0.03448244987986981,0.015863764155559,0.37633992908419384,-0.12933813759197355,0.01641825293905437,-0.4210238341242076,0.1340363619435895,-0.17206021286674034,-1.444837253981509,0.3059359763664941,0.038619536086916914,0.00466421714166577,-0.27261871001590376,0.8962179810317048,0.005969117023567818
12:00:24.983,-0.028792995726689696,0.016838873563057268,0.2800403259806913,-0.45927207656143443,0.01699435522345215,-0.4396011329814791,0.125832892038121,-0.1017013851487711,-1.3468163917534959,0.31404873247519627,0.04243922218680381,0.0045172910598172385,-0.42737116596533814,1.2287826308194143,0.006137686997245452
12:00:25.026,0.012019894644618088,0.0611362836057125,2.980751517866317,11.781756464595826,0.058835310128751726,-0.44297890599817036,0.12325071275343813,-0.10907169016298555,-1.3236917798385979,0.3145509954026365,0.042150377035140976,0.004527750705089607,-0.4128964730914938,1.1992544473374416,0.006123294961090565
12:00:25.092,0.050017122998833596,0.09366990361330986,2.335610277785547,5.659824581699274,0.09242482006185793,-0.44833042528480294,0.11839977081231425,-0.14922197150426417,-1.3308225123913826,0.3146639502158739,0.041837682351469986,0.004551093391742378,-0.3991074162667684,1.1469425319902475,0.006119441320615187
12:00:25.172,0.08479470513761035,0.11733736970145354,1.8666701213074903,2.8223174055714066,0.11983401693276971,-0.4525842921063304,0.11471777521930408,-0.17939368088725116,-1.3309572880926877,0.3149616056719201,0.041283796303905544,0.004589482746595578,-0.37435493887671106,1.0614987084115324,0.006110255273994121
12:00:25.243,0.11819511555135248,0.13367682751504523,1.5180710146723584,1.2685080118625054,0.142299839754641,-0.45541960846632723,0.11231092904212504,-0.19989642718724807,-1.3303803380991535,0.3152255116560628,0.040899557978846125,0.004612092964405499,-0.3565575127131087,1.0102186995614453,0.006100383088694276
12:00:25.323,0.14856310062110434,0.14311591994449155,1.2510356854377265,0.36984613088536733,0.15946227801286825,-0.4585251043736934,0.10953086967258618,-0.230444454295271,-1.34374853543767,0.3153949062265892,0.04167874266859144,0.004533518484424642,-0.38334171891563074,1.1614965959394468,0.0060892953354823205
12:00:25.393,0.17683471702039247,0.14801390128206496,1.035547227767605,-0.1876052615188133,0.1733638623744646,-0.4578835290670395,0.11005719928781177,-0.22582806163143557,-1.3441161267890487,0.31531223750718573,0.04128137684892863,0.004558151931778315,-0.3650173469525437,1.1045690401868056,0.006079977929050443
12:00:25.462,0.20146178953349583,0.15016371322024044,0.8554984651227501,-0.5365569982528022,0.1847440173334694,-0.45792134389281275,0.11002591837075892,-0.22610745440939256,-1.3441068744890168,0.31531683882852823,0.039939371044747526,0.004598574865652309,-0.30039115437100944,0.9969624417746417,0.006009785230476235
12:00:32.285,0.22664959244430058,0.14919735845042068,0.6999765578830234,-0.7512197899136122,0.19459950186757144,-0.4456243233382701,0.12202928762921646,-0.07991185628927079,-1.2053977006950491,0.31572915367473897,0.041860471363179386,0.0047867501993264505,-0.32427953285555405,0.7554938678870844,0.006347579254100955
12:00:32.359,0.24896705202758312,0.14556092417019054,0.576944843000432,-0.8335089564203018,0.20172308019868826,-0.43260583385825163,0.13396076602979395,0.0021952943622883746,-1.200219487566351,0.3157501428767953,0.04569004743825644,0.004952204222614094,-0.4381355550795184,0.6244506445270517,0.006841696488619653
12:00:32.376,0.26943069718778145,0.14083561937309885,0.4702237679446774,-0.8434883794706836,0.20779509518526884,-0.41108938798308386,0.15110547514581868,0.0435496718923167,-1.2591523324939793,0.3140557410522923,0.05142182245384902,0.00474823822122509,-0.6247176883503781,1.068000339229414,0.007202512516851256
12:00:32.392,0.2888411404937506,0.13444531568879306,0.3870220238174293,-0.7806271113428211,0.2124967075029719,-0.38682028874754903,0.1663856032112783,7.233815520519653E-4,-1.3829538802183756,0.3093601148695644,0.05581577129196376,0.004604216271731389,-0.8089326594899138,1.5200796403283219,0.007535447945778939
12:00:32.415,0.3111445244401694,0.12276306789658166,0.38300360111288767,-0.6596862834152746,0.2146634602698175,-0.3639673571288585,0.17951141222760703,-0.06351780851306317,-1.4967153946031186,0.30480319279386875,0.05874200548510998,0.004541254743269689,-0.9504661907694414,1.8289026948046674,0.007810227761951592
12:00:32.457,0.32833475731313233,0.11416840228389386,0.3653499175549902,-0.4999245603094038,0.2174053790524116,-0.336983704417944,0.18966088733116745,-0.1769396339002095,-1.5563502360427632,0.2956324688811609,0.061120733055286106,0.004469450192134422,-1.0767860930558817,2.161112478562149,0.00802641619366459
12:00:32.495,0.3505120231956244,0.09792946587322683,0.5761644669028617,-0.4966585268558106,0.21687096564298766,-0.3094376747310163,0.1970933469205579,-0.3054100430524469,-1.5583574219796048,0.2849612875866738,0.06278697918634862,0.0044169515705614745,-1.1710875256829165,2.4242359241813123,0.00818247826308599
12:00:32.535,0.362956912741065,0.09085179732249715,0.6323757340558153,-0.3661109381130756,0.21895544593612232,-0.2772546450793744,0.19571097578714267,-0.47817114370582586,-1.4117161216232001,0.2647526749737468,0.06344285185914486,0.004427031814088587,-1.1986163548896136,2.452954248967659,0.008274945993546445
12:00:32.576,0.374834071919322,0.08336323552826219,0.7451226184922813,-0.2504402936210832,0.22052928757875112,-0.23326940938830382,0.17620494609593737,-0.6255889956839331,-1.2087862391788944,0.2235713656084679,0.07022063742857426,0.0026417107147675167,-0.059982465851449104,-1.3084601288399922,0.007466980207052101
12:00:32.616,0.3840821080654859,0.0772181132919898,0.8784138216165606,-0.16613352851353946,0.2216484544963378,-0.19072957813739783,0.1525720381657373,-0.7584969897849375,-0.9967081353389249,0.1828469286155775,0.06689876924734563,0.0022648385929912172,-0.1995319904340632,-1.4781266473446562,0.006649690376081165
12:00:32.656,0.38902155198156835,0.07441232124662808,0.9308994912594326,-0.09781427083246852,0.22277359630291102,-0.15384998053312302,0.13299734258431034,-0.935687855919389,-0.5719070540150328,0.15134726539098017,0.06340811009984464,0.0021675979169734016,-0.058589118770553554,-1.4588485127301387,0.006101482426728484
12:00:32.696,0.3945832616090775,0.07099023959273389,1.018033510224638,-0.030376100520936866,0.22384658035108218,-0.11639564409852035,0.11062654275372734,-1.1013204259137839,-0.0948130946812138,0.11974942700868754,0.06487198676448315,0.0020555086674774003,-0.09358344894178458,-1.3424852871062036,0.006181662987549581
12:00:32.742,0.39209172844886775,0.07212337731159768,1.003187883388949,-0.0648840809843434,0.2229743657371544,-0.0808674055337906,0.08773749856579345,-1.2525624825896877,0.43071859070051,0.0907675359009282,0.06060842047911137,0.001811278138730757,-0.08405800108746754,-1.477806113250626,0.005412207646154292
12:00:32.776,0.3898493486642838,0.07321391382782311,0.9866274846551587,-0.0965113850145749,0.22226787192867645,-0.048891992121934846,0.06760601982429933,-1.4197496399235365,1.1804251579974396,0.06729220592497871,0.05677121143322438,0.0016312276084784036,-0.023278618762709324,-1.5400887913919057,0.004788948951735134
12:00:32.815,0.38783120781183245,0.07425267342240058,0.9692261378298774,-0.12498128319716528,0.22169561223828926,-0.020114120468497247,0.049867303250841315,-1.5896364801502796,2.23370487261767,0.048277188963028905,0.053317722561769185,0.0015013852036549812,0.08611048725843709,-1.5118374801616938,0.004284109334682572
12:00:32.865,0.3860148799419404,0.07523395219825228,0.9516214306765816,-0.15029536474459837,0.22123208164691274,0.00578596405684951,0.0342099453510388,-1.7030509591352743,3.5977111116851113,0.032875024917064406,0.05020958240609616,0.0014106115122080416,0.2338262399852972,-1.3938779777414885,0.003875189217114281
12:00:32.915,0.38438018590211864,0.0761546820522775,0.9342663670748115,-0.17261437292322146,0.22085662208433368,0.0290960393846035,0.0203673888855974,-1.437962765878963,4.146327255668877,0.020399272838043915,0.0474122567800805,0.0013500436368115503,0.4049309026692551,-1.203759121516769,0.0035439639843193775
12:00:32.956,0.3829089620709418,0.07701377787818793,0.9174724314465554,-0.19218089846964403,0.22055249999730642,0.04797452218830584,0.010412064076929347,0.15983075954489828,-1.0221647994624208,0.01229713629304842,0.045492319348268216,0.001352601488703646,0.548669234585037,-1.0925302838854867,0.0033680485488403185
12:00:32.996,0.3450575175881385,0.06237554516564351,0.9116284620799581,-0.2111472483520851,0.17894521380310632,0.053407540023326865,0.009287557215166286,0.2299105073586421,-0.9478767991168042,0.011768420257902897,0.04542550820391625,0.0013560800599766059,0.5496285872811618,-1.0966906158531025,0.0033653136531616033
12:00:33.035,0.31149219334125516,0.05054912340720822,0.9187053496931954,-0.19481601178422236,0.14555454498346573,0.05913221657276154,0.008546224242381393,0.18681684267951376,-0.8004048312769583,0.01170099430949411,0.045558736599050464,0.0013445409640724028,0.5606935933154271,-1.0947119905247007,0.003366357806011166
12:00:33.076,0.2808000032603741,0.04102268610459052,0.9150140309771244,-0.20093119585235186,0.11823042049143295,0.06392407387495042,0.007649850220341759,0.25665102926670214,-0.671353563048561,0.011430143432298206,0.04552922872593626,0.0013472792974771242,0.5575822095862519,-1.0943219381972207,0.0033662987939566584
12:00:33.116,0.2538537894189357,0.032621017116721114,0.9050073971232286,-0.30257235027389395,0.09575792283440564,0.06839494824409484,0.006790565790289838,0.3779492275397974,-0.5771440002533117,0.011196812103990655,0.045036849917378274,0.0013917927201012737,0.5123358989170524,-1.094445003884689,0.003364438861777678
12:00:33.156,0.22832778453826907,0.02719628926525842,0.8877619531767745,-0.28259927552684205,0.07824201488680228,0.07252420395612716,0.006059894583343488,0.5057865215463878,-0.475474775382029,0.011077258959479676,0.04578023384092375,0.0013399240277243865,0.5340918833029956,-1.0526117047354813,0.003382156877145071
12:00:33.195,0.20720887362956997,0.02202663926025149,0.9245603731081725,-0.19560119810187437,0.06408109100067653,0.07484307282138618,0.0055714613637644775,0.666895385329281,-0.4756200487669817,0.010950088458561208,0.04479693592293188,0.001444036668251576,0.3984443415739696,-0.9768014268709182,0.0033930406696047765
