Time,X-Moto,Y-Moto,Z-Moto,X-E4,Y-E4,Z-E4
09:06:20.150,0.037436128,-0.20467208,0.034147758,,,
09:06:20.189,0.031275515,-0.178492,0.024800306,,,
09:06:20.230,0.02397316,-0.16789378,0.028692355,,,
09:06:20.278,0.026629554,-0.15242276,0.01923132,,,
09:06:20.321,0.024845514,-0.120261535,0.012034793,,,
09:06:20.350,0.014890254,-0.12559377,0.023795154,,,
09:06:20.390,0.018015485,-0.107101776,0.013285789,,,
09:06:20.431,0.0109405015,-0.09683105,0.017230641,,,
09:06:20.475,0.013362079,-0.080116704,0.0097946925,,,
09:06:20.517,0.014882316,-0.06880913,0.012550498,,,
09:06:20.550,0.012734904,-0.070277825,0.011515199,,,
09:06:20.590,0.013219222,-0.050725624,0.010583372,,,
09:06:20.630,0.0116775725,-0.05158567,0.015677402,,,
09:06:20.673,0.009191459,-0.04972301,-0.0014909047,,,
09:06:20.716,0.0076131346,-0.041015353,0.013379827,,,
09:06:20.750,6.994785E-4,-0.04724097,-0.0011417854,,,
09:06:20.789,0.007880505,-0.048229773,0.0011696955,,,
09:06:20.829,-0.004772778,-0.02253277,0.006765621,,,
09:06:20.870,0.0053724684,-0.04862421,0.0047706813,,,
09:06:20.910,0.007911387,-0.036291096,0.010226278,,,
09:06:20.949,-0.0010096319,-0.008052609,0.002611879,,,
09:06:20.990,-2.9763878E-5,-0.0037317108,0.0063057365,,,
09:06:21.030,-4.6624203E-4,-0.034999162,0.007652617,,,
09:06:21.070,8.987391E-4,-0.030180888,0.0033717728,,,
09:06:21.110,8.0886396E-4,-0.019252641,8.373028E-4,,,
09:06:21.150,0.00182661,0.005963643,0.0022917397,,,
09:06:21.190,0.008675201,-3.4561838E-4,0.0057979086,,,
09:06:21.230,0.0049512335,-0.021404805,0.0032405856,,,
09:06:21.270,0.005994203,-0.002565103,-0.008948735,,,
09:06:21.310,-0.00866772,0.049766593,-0.0030001893,,,
09:06:21.350,0.004284011,-6.934613E-4,0.006967799,,,
09:06:21.390,0.00605288,-0.0047989194,0.002535734,,,
09:06:21.430,-0.0031217488,0.0075462037,0.007555564,,,
09:06:21.469,0.0061992197,0.007231036,0.011853718,,,
09:06:21.510,0.007337109,0.00870519,0.0058343764,,,
09:06:21.550,0.001989141,0.017502643,0.0010761432,,,
09:06:21.590,0.004646678,0.028496522,5.291248E-4,,,
09:06:21.630,0.0046214606,0.0058714887,-0.001061945,,,
09:06:21.670,0.001302864,0.039341953,0.0014612442,,,
09:06:21.710,0.0020514831,0.003547402,0.012081667,,,
09:06:21.750,0.0084381355,-0.013726284,0.0031831122,,,
09:06:21.790,0.009352131,0.009838722,0.0057211802,,,
09:06:21.830,0.004681566,0.015446644,-3.4406243E-4,,,
09:06:21.870,0.0017964205,0.015220337,0.0036454278,,,
09:06:21.910,0.0057915817,-0.0016825557,-4.5453582E-4,,,
09:06:21.949,3.7844555E-4,0.0033196844,4.6980372E-4,,,
09:06:21.990,0.0045153997,0.0073822443,0.009211887,,,
09:06:22.030,0.0058216737,0.0018100352,0.0135642085,,,
09:06:22.070,-0.002231203,-0.009796747,0.0073737106,,,
09:06:22.110,-0.008599876,-0.0022252707,-0.0047894497,,,
09:06:22.150,-0.0015875447,0.00678631,-1.3566056E-4,,,
09:06:22.190,-0.0014287877,-0.0024616437,-0.0027588203,,,
09:06:22.230,0.0011310881,-0.01078482,-7.251762E-4,,,
09:06:22.270,-0.001618743,0.0063336953,-0.006145861,,,
09:06:22.320,-0.0034344064,0.00438197,-0.0053114756,,,
09:06:22.360,-2.3452503E-4,-0.012535716,-0.0074170833,,,
09:06:22.400,0.0028651,-0.01963176,-0.0060162297,,,
09:06:22.440,-2.7785497E-4,-0.011296526,-0.0018989561,,,
09:06:22.480,0.0023866533,-4.989051E-4,0.0011474257,,,
09:06:22.521,-9.2818687E-4,-0.011874797,5.9321104E-4,,,
09:06:22.560,-0.0045707156,-0.004754696,-5.648147E-4,,,
09:06:22.600,-0.0014769253,-0.015705008,-6.885138E-5,,,
09:06:22.640,-0.0013292304,-0.0051257205,0.0019155855,,,
09:06:22.680,0.0034179534,-0.0043934206,0.0037015397,,,
09:06:22.722,-0.0015381002,-0.006810537,9.1442023E-4,,,
09:06:22.760,-0.007097181,-0.0028335797,-0.0029123744,,,
09:06:22.800,-0.0011140272,-0.0049672187,-0.0013027304,,,
09:06:22.840,-0.003859069,-0.0099636605,-0.006006408,,,
09:06:22.880,0.0039975373,-0.0023754942,9.6635055E-4,,,
09:06:22.920,-7.9675054E-4,-0.008949476,-4.486037E-4,,,
09:06:22.961,-0.0011565306,-0.0076150796,-0.006556052,,,
09:06:23.000,2.7747813E-4,-0.0070733004,4.7155417E-4,,,
09:06:23.039,2.4973214E-4,-4.3334797E-4,-0.0026517506,,,
09:06:23.080,-0.004609226,-0.0041253697,-0.003265481,,,
09:06:23.130,2.462312E-4,6.817065E-4,-0.001620536,,,
09:06:23.170,-0.0048321052,-0.0024626404,0.0018374956,,,
09:06:23.210,0.0057585295,-0.007929263,-0.0023013672,,,
09:06:23.250,0.0025459635,-0.0027418141,0.0049600224,,,
09:06:23.290,0.0020716437,0.0061017107,-0.0069617694,,,
09:06:23.330,-0.0014314195,0.0032942784,-0.006265573,,,
09:06:23.370,0.0020076244,-0.003846682,0.0071051125,,,
09:06:23.410,0.0022463128,0.0018114332,-0.004152283,,,
09:06:23.450,-6.150371E-4,-0.00693905,-4.4121288E-4,,,
09:06:23.490,0.0031818175,0.0032030966,0.0018001525,,,
09:06:23.530,-0.0015308978,0.008815396,-0.0023349177,,,
09:06:23.569,-0.0011580805,-0.0065680984,-0.0025408883,,,
09:06:23.610,4.958114E-4,-0.0034943048,0.006941736,,,
09:06:23.650,0.0013251399,0.010697893,0.0014135928,,,
09:06:23.700,5.334402E-4,-0.01695881,-0.0011447029,,,
09:06:23.740,0.0017984628,-0.0016398882,0.003144505,,,
09:06:23.780,0.0040356037,-0.0010364419,-2.4613398E-4,,,
09:06:23.820,-1.03307466E-4,0.002143376,0.0028546094,,,
09:06:23.860,7.859317E-4,-0.0033444096,-0.002264802,,,
09:06:23.900,-0.0032477393,-0.008722853,0.0014772901,,,
09:06:23.940,-0.0016046056,0.008189461,1.1183487E-5,,,
09:06:23.990,5.3339155E-4,0.0025365364,2.2979635E-4,,,
09:06:24.030,-0.0014974872,0.006237955,0.0010856735,,,
09:06:24.070,-0.0013477379,-0.0058116205,0.0025151176,,,
09:06:24.110,5.4484856E-4,0.0039980602,-0.004328204,,,
09:06:24.150,0.0020284536,0.0073336083,-0.0030164297,,,
09:06:24.190,0.0011664316,-0.006363623,0.004536217,,,
09:06:24.230,0.0021484208,0.008115504,0.0018853415,,,
09:06:24.270,-0.0024609568,-0.002583738,3.784881E-4,,,
09:06:24.310,-0.0015556838,9.163166E-5,1.2087891E-4,,,
09:06:24.350,-0.0035973813,-0.008706588,-1.108624E-4,,,
09:06:24.400,0.0011568893,0.005347664,-0.0033956957,,,
09:06:24.440,-0.0011560686,0.011404689,0.0022173452,,,
09:06:24.480,-3.81284E-4,1.5681193E-4,-0.008770966,,,
09:06:24.530,0.0014146625,0.00651319,0.0013346276,,,
09:06:24.569,-2.648967E-4,0.008278856,-9.961083E-4,,,
09:06:24.610,-0.0026553974,0.0021775344,0.001520468,,,
09:06:24.650,-0.0017306812,0.0067937616,-0.0017077671,,,
09:06:24.690,-0.001997067,-6.971324E-4,6.6031195E-4,,,
09:06:24.730,0.0012788074,-0.003483875,-0.007974993,,,
09:06:24.770,-6.068865E-4,0.014003185,-0.0045407875,,,
09:06:24.810,-0.003402643,0.014360679,0.008657381,,,
09:06:24.850,8.9269754E-4,-0.014101746,0.0038365196,,,
09:06:24.890,0.002121793,0.002249838,-0.007533489,,,
09:06:24.929,0.0038871493,0.0145492675,0.0070626154,,,
09:06:24.970,0.0015208996,0.002986915,0.001522413,,,
09:06:25.010,0.0013688102,-0.005002204,-0.005661081,,,
09:06:25.050,0.001231928,-0.00604008,3.982294E-4,,,
09:06:25.090,-8.68805E-4,-0.0014809854,0.00541203,,,
09:06:25.130,7.5616175E-4,-0.003969603,0.0020143893,,,
09:06:25.170,0.0011200019,0.011368756,0.0022524516,,,
09:06:25.210,0.0012277281,0.0023217162,0.001807446,,,
09:06:25.250,0.0030824912,0.0020895496,0.0018464423,,,
09:06:25.290,0.0018953336,-5.363941E-4,-0.0025130755,,,
09:06:25.330,-0.0013703723,3.9615072E-4,-6.4475236E-5,,,
09:06:25.370,-3.5443145E-4,-0.0040379926,-0.0026947341,,,
09:06:25.410,-0.003614886,-0.005392021,0.0010903414,,,
09:06:25.450,4.8195358E-4,-0.0046330877,0.001640569,,,
09:06:25.490,-0.0024226836,-0.006586782,-0.0026983323,,,
09:06:25.530,-0.004157954,-0.0032913731,0.0028449818,,,
09:06:25.570,0.001970731,-0.0018636066,-5.157046E-4,,,
09:06:25.609,0.0015539334,-0.009587409,1.9507892E-4,,,
09:06:25.650,-0.002336814,-0.008628668,0.0030319893,,,
09:06:25.690,3.1385483E-4,0.0067361547,-0.006719428,,,
09:06:25.729,6.274301E-5,-0.0077802306,-0.002751624,,,
09:06:25.770,-6.0271093E-4,-0.006343031,-0.0015975855,,,
09:06:25.810,-0.004058062,-0.0026325565,-0.002536415,,,
09:06:25.850,-0.002993078,0.004002777,0.0029906589,,,
09:06:25.890,-2.7677914E-4,-0.009141638,-1.6493212E-4,,,
09:06:25.930,-0.0011280066,-0.0075682914,0.0018291323,,,
09:06:25.969,-0.0016743868,-0.005053648,0.0020856718,,,
09:06:26.000,,,,0.140625,0.03125,0.984375
09:06:26.007,,,,0.140625,0.03125,0.96875
09:06:26.010,3.1137504E-5,-0.0056469194,-0.0060330536,,,
09:06:26.022,,,,0.140625,0.03125,0.96875
09:06:26.023,,,,0.140625,0.03125,0.96875
09:06:26.032,,,,0.140625,0.03125,0.96875
09:06:26.034,,,,0.140625,0.03125,0.96875
09:06:26.050,-0.0012903374,-0.0020060623,0.0013816955,,,
09:06:26.090,-6.267007E-5,-9.2655193E-4,-5.1424594E-4,,,
09:06:26.128,,,,0.140625,0.03125,0.96875
09:06:26.130,1.6332146E-4,0.0026817394,-2.3339451E-5,0.140625,0.03125,0.96875
09:06:26.130,1.6332146E-4,0.0026817394,-2.3339451E-5,,,
09:06:26.134,,,,0.140625,0.03125,0.984375
09:06:26.137,,,,0.140625,0.03125,0.96875
09:06:26.141,,,,0.140625,0.03125,0.96875
09:06:26.147,,,,0.140625,0.03125,0.96875
09:06:26.170,-0.001171367,0.0010951916,-4.6046794E-4,,,
09:06:26.210,2.6413088E-4,-0.008902007,0.0024420847,,,
09:06:26.250,-0.001300366,0.004732329,0.0021978957,,,
09:06:26.281,,,,0.140625,0.03125,0.96875
09:06:26.287,,,,0.140625,0.03125,0.96875
09:06:26.290,0.0036636556,-0.0043102377,0.0019781159,,,
09:06:26.303,,,,0.140625,0.03125,0.96875
09:06:26.320,,,,0.140625,0.03125,0.96875
09:06:26.330,-0.0030747782,-0.0045383926,-4.169982E-4,,,
09:06:26.333,,,,0.140625,0.03125,0.984375
09:06:26.341,,,,0.140625,0.03125,0.96875
09:06:26.370,0.0036047662,0.0022875094,-0.004550123,,,
09:06:26.410,-0.004006691,0.0053546657,0.0064518023,,,
09:06:26.450,-5.298481E-4,-0.0037501394,0.0077841934,,,
09:06:26.481,,,,0.140625,0.03125,0.96875
09:06:26.490,0.0012809469,-9.581331E-4,-0.0020030113,,,
09:06:26.517,,,,0.140625,0.03125,0.96875
09:06:26.539,2.7394682E-4,0.0028730256,-0.008833982,,,
09:06:26.542,,,,0.140625,0.03125,0.96875
09:06:26.557,,,,0.140625,0.03125,0.96875
09:06:26.563,,,,0.140625,0.03125,0.984375
09:06:26.572,,,,0.140625,0.03125,0.96875
09:06:26.580,-0.0021704354,-0.0033468895,-0.0028968148,,,
09:06:26.620,0.003320049,-0.0052094627,-0.0061227162,,,
09:06:26.660,-0.003384032,-0.0020518051,-8.9623494E-4,,,
09:06:26.678,,,,0.125,0.03125,0.96875
09:06:26.683,,,,0.140625,0.03125,0.96875
09:06:26.690,,,,0.140625,0.03125,0.96875
09:06:26.696,,,,0.125,0.03125,0.96875
09:06:26.706,,,,0.140625,0.03125,0.984375
09:06:26.710,0.0022278114,0.004964897,0.0016104222,,,
09:06:26.711,,,,0.140625,0.03125,0.96875
09:06:26.750,9.063973E-4,0.0013922226,7.901377E-4,,,
09:06:26.790,-2.8287538E-4,0.007625072,0.0031281672,,,
09:06:26.830,-2.5458843E-4,-0.004563215,-4.1135783E-5,,,
09:06:26.870,-6.6858414E-4,-0.0021293603,-0.003772336,,,
09:06:26.882,,,,0.140625,0.03125,0.984375
09:06:26.896,,,,0.140625,0.03125,0.96875
09:06:26.910,-0.0010411766,0.005993729,-9.9289915E-5,,,
09:06:26.916,,,,0.140625,0.03125,0.96875
09:06:26.940,,,,0.140625,0.03125,0.96875
09:06:26.950,8.2075247E-4,5.603656E-4,-7.4851565E-4,0.125,0.03125,0.96875
09:06:26.950,8.2075247E-4,5.603656E-4,-7.4851565E-4,,,
09:06:26.957,,,,0.125,0.03125,0.96875
09:06:26.990,0.0018373071,0.0077553107,0.0041603544,,,
09:06:27.027,,,,0.140625,0.03125,0.984375
09:06:27.030,3.3521894E-4,-0.0015895625,-0.003726338,,,
09:06:27.033,,,,0.140625,0.03125,0.96875
09:06:27.039,,,,0.125,0.03125,0.96875
09:06:27.045,,,,0.125,0.03125,0.96875
09:06:27.051,,,,0.140625,0.03125,0.984375
09:06:27.057,,,,0.15625,0.03125,0.984375
09:06:27.070,-0.0018955646,0.006040104,0.009390434,,,
09:06:27.110,4.912529E-4,6.0210924E-4,0.0029581783,,,
09:06:27.150,-0.0010959575,0.00493644,2.5673397E-5,,,
09:06:27.190,0.0025292672,0.001146903,-8.557799E-4,,,
09:06:27.228,,,,0.125,0.03125,0.96875
09:06:27.230,-0.0018984638,-0.004460959,-0.0034068793,,,
09:06:27.246,,,,0.125,0.03125,0.96875
09:06:27.264,,,,0.140625,0.03125,0.984375
09:06:27.270,0.0020267335,-4.992455E-4,0.0057228333,,,
09:06:27.271,,,,0.140625,0.03125,0.96875
09:06:27.281,,,,0.15625,0.03125,0.96875
09:06:27.289,,,,0.140625,0.03125,0.96875
09:06:27.310,-0.0012521069,0.007900295,-0.0060554207,,,
09:06:27.350,-0.0013466195,5.184762E-4,-0.0025934994,,,
09:06:27.390,-7.725055E-4,0.010793767,-0.002773602,,,
09:06:27.430,-2.5580404E-4,0.0029028687,0.0084901145,,,
09:06:27.431,,,,0.140625,0.03125,0.984375
09:06:27.456,,,,0.15625,0.03125,0.96875
09:06:27.470,-6.6967815E-4,-0.0015622359,-0.0035649068,,,
09:06:27.476,,,,0.125,0.03125,0.96875
09:06:27.490,,,,0.125,0.03125,0.96875
09:06:27.508,,,,0.125,0.03125,0.96875
09:06:27.510,-0.0014816176,0.015512943,-0.0034281765,,,
09:06:27.522,,,,0.15625,0.046875,0.984375
09:06:27.550,0.002401891,-0.0069123795,0.0041656056,,,
09:06:27.590,-0.0020131005,-0.012373483,0.0030898517,,,
09:06:27.628,,,,0.171875,0.03125,0.984375
09:06:27.630,8.2492805E-4,0.005782799,-0.0013938515,,,
09:06:27.641,,,,0.125,0.03125,0.96875
09:06:27.657,,,,0.140625,0.03125,0.984375
09:06:27.669,-0.007826897,0.0032269831,-0.0058688023,,,
09:06:27.680,,,,0.140625,0.03125,0.953125
09:06:27.694,,,,0.15625,0.046875,0.984375
09:06:27.704,,,,0.15625,0.03125,0.96875
09:06:27.709,-0.0013313151,-0.002369161,-2.2814314E-4,,,
09:06:27.750,0.0036358002,-0.010921295,-0.0026223818,,,
09:06:27.777,,,,0.15625,0.03125,0.96875
09:06:27.783,,,,0.140625,0.03125,0.96875
09:06:27.792,,,,0.140625,0.03125,0.96875
09:06:27.800,-0.003099856,0.001596613,-0.0012614974,,,
09:06:27.802,,,,0.15625,0.03125,0.96875
09:06:27.808,,,,0.15625,0.046875,0.984375
09:06:27.816,,,,0.140625,0.046875,0.984375
09:06:27.840,0.0038019298,-0.0027378635,0.007873369,,,
09:06:27.880,-3.136178E-4,-0.002903525,-0.006097529,,,
09:06:27.920,0.008946261,-0.0017342671,0.0046196557,,,
09:06:27.961,-0.0011768858,0.012281937,-0.0037524975,,,
09:06:27.979,,,,0.125,0.046875,0.96875
09:06:28.000,-0.004574824,-0.015752902,-0.0097492775,,,
09:06:28.005,,,,0.15625,0.046875,0.984375
09:06:28.022,,,,0.140625,0.03125,0.96875
09:06:28.039,,,,0.140625,0.03125,0.96875
09:06:28.040,-0.006094879,-0.018352406,0.0017725341,,,
09:06:28.055,,,,0.15625,0.046875,0.96875
09:06:28.070,,,,0.15625,0.046875,0.96875
09:06:28.080,-6.5140775E-4,0.0015004107,0.0018149341,,,
09:06:28.120,0.0016109996,-0.0030441573,-0.002761057,,,
09:06:28.160,-0.0036038118,3.3642846E-4,0.0012504112,,,
09:06:28.178,,,,0.15625,0.03125,0.984375
09:06:28.199,,,,0.15625,0.046875,0.984375
09:06:28.200,0.0044470043,-0.026284125,-0.00898209,,,
09:06:28.229,,,,0.15625,0.03125,0.96875
09:06:28.240,7.064013E-4,-0.0054183993,0.0011446056,,,
09:06:28.259,,,,0.15625,0.03125,0.984375
09:06:28.279,,,,0.140625,0.046875,0.984375
09:06:28.280,-0.0046376768,-0.0055357534,-0.001826312,,,
09:06:28.296,,,,0.140625,0.046875,0.96875
09:06:28.320,4.403498E-4,-0.022780022,-0.00801574,,,
09:06:28.360,0.0019343968,-0.009076239,0.004211604,,,
09:06:28.378,,,,0.15625,0.046875,0.984375
09:06:28.398,,,,0.15625,0.046875,0.96875
09:06:28.400,-8.9576084E-4,-0.0013570918,-0.006097237,,,
09:06:28.414,,,,0.140625,0.046875,0.96875
09:06:28.430,,,,0.140625,0.046875,0.96875
09:06:28.440,7.272306E-5,-0.0124274315,0.003960802,,,
09:06:28.447,,,,0.140625,0.046875,0.96875
09:06:28.455,,,,0.140625,0.046875,0.96875
09:06:28.480,-0.0032304474,-0.01074524,2.6879268E-4,,,
09:06:28.520,0.0045633065,-2.759404E-6,0.0055153067,,,
09:06:28.527,,,,0.15625,0.046875,0.96875
09:06:28.533,,,,0.15625,0.046875,0.984375
09:06:28.539,,,,0.15625,0.046875,0.96875
09:06:28.548,,,,0.140625,0.046875,0.984375
09:06:28.560,-0.001166462,-0.014943887,-0.0055830884,,,
09:06:28.561,,,,0.125,0.046875,0.96875
09:06:28.572,,,,0.15625,0.046875,0.96875
09:06:28.599,-0.003247083,0.0010524512,0.0015670497,,,
09:06:28.650,0.0030102422,-0.0076221176,-0.01199288,,,
09:06:28.689,-0.004761485,-0.003564007,0.0083225565,,,
09:06:28.729,,,,0.140625,0.046875,0.96875
09:06:28.730,0.0031853672,-0.007382402,0.006391703,,,
09:06:28.770,-0.0015276948,-0.005984977,-0.0030365598,0.125,0.046875,0.984375
09:06:28.770,-0.0015276948,-0.005984977,-0.0030365598,,,
09:06:28.810,0.0019209706,-9.91951E-4,0.0031996444,,,
09:06:28.814,,,,0.125,0.046875,0.96875
09:06:28.832,,,,0.140625,0.046875,0.96875
09:06:28.838,,,,0.15625,0.046875,0.984375
09:06:28.850,-0.0046431953,-0.007924011,-0.0021739725,0.125,0.046875,0.96875
09:06:28.850,-0.0046431953,-0.007924011,-0.0021739725,,,
09:06:28.890,-0.0019816107,-0.007790794,6.801505E-4,,,
09:06:28.928,,,,0.140625,0.046875,0.96875
09:06:28.930,0.004368902,0.0011181664,-0.011692579,,,
09:06:28.939,,,,0.15625,0.046875,0.984375
09:06:28.951,,,,0.15625,0.046875,0.96875
09:06:28.964,,,,0.140625,0.046875,0.96875
09:06:28.970,0.0010755658,0.00408252,0.014525502,,,
09:06:28.977,,,,0.140625,0.046875,0.96875
09:06:28.990,,,,0.15625,0.046875,0.96875
09:06:29.010,5.2855955E-4,-0.0070923367,0.0034050315,,,
09:06:29.050,-0.001501833,-8.8993815E-4,-0.008361261,,,
09:06:29.090,0.006338776,-0.0071730157,0.0043400684,,,
09:06:29.127,,,,0.140625,0.046875,0.96875
09:06:29.130,-0.0019855308,-0.011948875,-2.6879268E-4,,,
09:06:29.133,,,,0.15625,0.046875,0.984375
09:06:29.139,,,,0.15625,0.046875,0.96875
09:06:29.145,,,,0.140625,0.046875,0.96875
09:06:29.158,,,,0.140625,0.046875,0.96875
09:06:29.170,-0.004423701,0.010998948,-0.004636479,,,
09:06:29.178,,,,0.171875,0.046875,0.96875
09:06:29.210,6.3293066E-4,0.002208617,-4.374202E-4,,,
09:06:29.250,0.0021077227,-0.007021042,-0.001052901,,,
09:06:29.278,,,,0.140625,0.046875,0.96875
09:06:29.290,0.01024656,0.002030678,0.012016317,,,
09:06:29.291,,,,0.140625,0.046875,0.96875
09:06:29.304,,,,0.171875,0.046875,0.96875
09:06:29.310,,,,0.171875,0.046875,0.96875
09:06:29.316,,,,0.140625,0.046875,0.96875
09:06:29.325,,,,0.15625,0.046875,0.96875
09:06:29.330,0.0026301069,-0.0038852894,0.0048820297,,,
09:06:29.370,0.009837798,-0.012505545,-0.0030769177,,,
09:06:29.410,-0.0014731326,0.015551648,0.0016253011,,,
09:06:29.450,-8.863643E-4,1.5371217E-4,-0.002711947,,,
09:06:29.478,,,,0.171875,0.046875,0.96875
09:06:29.483,,,,0.15625,0.046875,0.96875
09:06:29.490,3.0090267E-4,-0.002498379,0.0023932662,,,
09:06:29.491,,,,0.15625,0.046875,0.96875
09:06:29.498,,,,0.15625,0.046875,0.96875
09:06:29.505,,,,0.15625,0.046875,0.96875
09:06:29.511,,,,0.171875,0.046875,0.96875
09:06:29.530,-0.0023659032,1.684452E-4,-7.025175E-4,,,
09:06:29.570,-0.0014701362,-0.012372814,-0.0056858794,,,
09:06:29.610,0.001753048,0.009079302,0.0016941525,,,
09:06:29.650,0.0033355602,-0.0039135884,0.0048206663,,,
09:06:29.678,,,,0.15625,0.046875,0.96875
09:06:29.690,-0.0013925264,-0.010773199,-9.348423E-4,,,
09:06:29.726,,,,0.140625,0.046875,0.96875
09:06:29.729,0.0013834399,0.0048060673,-0.006773984,,,
09:06:29.754,,,,0.15625,0.046875,0.96875
09:06:29.761,,,,0.15625,0.046875,0.96875
09:06:29.766,,,,0.15625,0.046875,0.96875
09:06:29.770,3.6619234E-4,-0.013692126,0.0075264866,,,
09:06:29.780,,,,0.15625,0.046875,0.96875
09:06:29.810,-0.0029663227,-0.006390293,-0.0013560221,,,
09:06:29.850,4.0647722E-4,0.0050153444,-0.005395303,,,
09:06:29.877,,,,0.15625,0.046875,0.96875
09:06:29.883,,,,0.140625,0.046875,0.96875
09:06:29.889,,,,0.15625,0.046875,0.96875
09:06:29.890,-0.0016117046,-0.009548692,0.0026148937,,,
09:06:29.902,,,,0.15625,0.046875,0.96875
09:06:29.917,,,,0.15625,0.046875,0.96875
09:06:29.929,,,,0.15625,0.046875,0.96875
09:06:29.930,0.0014059102,-0.0057373843,-6.350276E-5,,,
09:06:29.970,-9.3194307E-4,-0.005163647,-0.0046714884,,,
09:06:30.010,6.993387E-4,0.002603698,-0.0028860203,,,
09:06:30.032,,,,0.15625,0.046875,0.96875
09:06:30.050,1.8995517E-4,-0.013037539,-0.0058933087,,,
09:06:30.056,,,,0.15625,0.046875,0.96875
09:06:30.065,,,,0.15625,0.046875,0.96875
09:06:30.082,,,,0.15625,0.046875,0.96875
09:06:30.090,-0.0031249337,0.011117772,-0.00420538,,,
09:06:30.095,,,,0.15625,0.046875,0.96875
09:06:30.102,,,,0.15625,0.046875,0.96875
09:06:30.130,0.0039990814,-0.0033973246,-0.0035651012,,,
09:06:30.170,-7.953587E-4,0.003534213,0.0022845434,,,
09:06:30.210,8.222598E-4,-0.0018729302,-8.003487E-4,,,
09:06:30.230,,,,0.140625,0.046875,0.96875
09:06:30.250,-0.001896683,0.0031483583,-0.0031373084,,,
09:06:30.251,,,,0.15625,0.046875,0.96875
09:06:30.257,,,,0.15625,0.046875,0.96875
09:06:30.266,,,,0.15625,0.046875,0.96875
09:06:30.272,,,,0.15625,0.046875,0.96875
09:06:30.282,,,,0.15625,0.046875,0.96875
09:06:30.290,-0.002805645,0.00876614,0.0022301818,,,
09:06:30.330,0.0029680852,0.0037147289,0.008159473,,,
09:06:30.370,0.0011331851,0.0020249041,0.0060251765,,,
09:06:30.410,-0.0013971215,0.0044591357,0.0021267103,,,
09:06:30.428,,,,0.15625,0.046875,0.96875
09:06:30.441,,,,0.15625,0.046875,0.96875
09:06:30.450,0.0020384945,0.010165559,3.7595967E-4,,,
09:06:30.480,,,,0.15625,0.046875,0.96875
09:06:30.490,5.1628205E-4,0.0023374825,7.7778724E-4,,,
09:06:30.506,,,,0.15625,0.046875,0.96875
09:06:30.523,,,,0.15625,0.046875,0.96875
09:06:30.530,-0.0012931576,-5.329783E-4,-0.005232608,,,
09:06:30.545,,,,0.15625,0.046875,0.96875
09:06:30.570,-0.002042749,-0.0037755817,5.64134E-4,,,
09:06:30.610,1.3906423E-4,-5.415725E-4,2.8804774E-4,,,
09:06:30.628,,,,0.15625,0.046875,0.96875
09:06:30.646,,,,0.15625,0.046875,0.96875
09:06:30.650,0.0014435147,0.0043465598,0.0031156223,,,
09:06:30.690,0.0021780753,-0.0050968863,0.0017054331,,,
09:06:30.700,,,,0.15625,0.046875,0.96875
09:06:30.708,,,,0.15625,0.046875,0.96875
09:06:30.714,,,,0.15625,0.046875,0.96875
09:06:30.723,,,,0.15625,0.046875,0.96875
09:06:30.729,6.419018E-4,4.665216E-4,2.1657065E-4,,,
09:06:30.769,0.0036538884,-0.0019971277,-0.006616637,,,
09:06:30.778,,,,0.171875,0.046875,0.96875
09:06:30.784,,,,0.15625,0.046875,0.96875
09:06:30.792,,,,0.15625,0.046875,0.96875
09:06:30.798,,,,0.15625,0.046875,0.96875
09:06:30.810,,,,0.15625,0.046875,0.96875
09:06:30.820,-2.2712811E-4,0.0017182212,-2.4204956E-4,,,
09:06:30.822,,,,0.15625,0.046875,0.96875
09:06:30.860,0.0024323051,-0.0017495106,-0.003733437,,,
09:06:30.899,8.7071955E-4,0.0052369717,0.0016936662,,,
09:06:30.940,-5.347166E-4,9.77923E-4,2.0597066E-4,,,
09:06:30.979,0.0014962959,6.604092E-4,0.004579881,,,
09:06:30.982,,,,0.15625,0.046875,0.96875
09:06:31.007,,,,0.15625,0.046875,0.96875
09:06:31.014,,,,0.15625,0.046875,0.96875
09:06:31.020,2.8305163E-5,-0.0073157875,1.6677984E-4,0.15625,0.046875,0.96875
09:06:31.020,2.8305163E-5,-0.0073157875,1.6677984E-4,,,
09:06:31.027,,,,0.15625,0.046875,0.96875
09:06:31.033,,,,0.15625,0.046875,0.96875
09:06:31.061,0.0044200057,-0.0054855733,0.0016881231,,,
09:06:31.100,2.292615E-5,0.0049506747,-0.004852661,,,
09:06:31.140,-6.385467E-4,0.003356979,-0.002829325,,,
09:06:31.178,,,,0.15625,0.046875,0.96875
09:06:31.180,0.004479017,-0.015655484,9.69268E-4,,,
09:06:31.191,,,,0.15625,0.046875,0.96875
09:06:31.203,,,,0.15625,0.046875,0.96875
09:06:31.214,,,,0.15625,0.046875,0.96875
09:06:31.219,,,,0.15625,0.046875,0.96875
09:06:31.220,-0.0038790412,0.0032684715,-8.8544044E-4,,,
09:06:31.227,,,,0.15625,0.046875,0.96875
09:06:31.260,0.0024414768,-0.00430935,0.0038173618,,,
09:06:31.300,0.0043945936,-0.008492667,5.791101E-4,,,
09:06:31.340,-0.004394472,-8.3188125E-4,-3.5767708E-4,,,
09:06:31.377,,,,0.15625,0.046875,0.96875
09:06:31.380,4.3950498E-4,-3.092356E-4,-0.006693949,,,
09:06:31.391,,,,0.15625,0.046875,0.96875
09:06:31.418,,,,0.15625,0.046875,0.96875
09:06:31.420,0.00632817,0.00521486,-0.0033878186,,,
09:06:31.450,,,,0.15625,0.046875,0.96875
09:06:31.456,,,,0.15625,0.046875,0.96875
09:06:31.460,0.0028389038,-0.0027773338,2.468147E-4,,,
09:06:31.463,,,,0.15625,0.046875,0.96875
09:06:31.500,0.0010169315,0.0014554822,-2.1734864E-4,,,
09:06:31.528,,,,0.15625,0.046875,0.96875
09:06:31.540,9.152408E-4,0.0050452845,-0.00107449,,,
09:06:31.541,,,,0.15625,0.046875,0.96875
09:06:31.557,,,,0.15625,0.046875,0.96875
09:06:31.575,,,,0.15625,0.046875,0.96875
09:06:31.580,0.0049985205,-0.004687765,0.0065036356,,,
09:06:31.588,,,,0.15625,0.046875,0.96875
09:06:31.600,,,,0.15625,0.046875,0.96875
09:06:31.620,0.004498667,-0.001582269,0.0032165654,,,
09:06:31.660,9.372248E-5,-0.003181848,-1.8126974E-4,,,
09:06:31.700,-0.006067996,0.015593367,-0.0052167564,,,
09:06:31.728,,,,0.15625,0.046875,0.96875
09:06:31.739,0.0031081343,0.00590414,0.0012374772,,,
09:06:31.752,,,,0.15625,0.046875,0.96875
09:06:31.762,,,,0.15625,0.046875,0.96875
09:06:31.779,0.0014789614,0.0053137247,0.0011137781,,,
09:06:31.780,,,,0.15625,0.046875,0.96875
09:06:31.793,,,,0.15625,0.046875,0.96875
09:06:31.802,,,,0.171875,0.046875,0.96875
09:06:31.820,0.0024296977,-4.910767E-4,-0.001634345,,,
09:06:31.860,-0.0017683464,8.7638426E-4,0.0040222625,,,
09:06:31.900,0.0019241129,1.2957043E-4,-0.00582825,,,
09:06:31.928,,,,0.15625,0.046875,0.96875
09:06:31.936,,,,0.15625,0.046875,0.96875
09:06:31.940,-0.0017839181,-0.0020806636,-0.004586202,,,
09:06:31.944,,,,0.171875,0.046875,0.96875
09:06:31.976,,,,0.15625,0.046875,0.96875
09:06:31.980,-0.0018252545,0.0042797504,-0.008302426,,,
09:06:31.996,,,,0.140625,0.046875,0.96875
09:06:32.009,,,,0.15625,0.046875,0.96875
09:06:32.020,0.0012137123,7.756113E-4,0.0057113585,,,
09:06:32.060,-6.2907116E-6,0.0024558573,-0.009801208,,,
09:06:32.100,-0.002202928,-0.008336609,-0.0013503818,,,
09:06:32.130,,,,0.171875,0.046875,0.96875
09:06:32.140,0.0024118952,-0.007502953,-0.0036322994,,,
09:06:32.142,,,,0.15625,0.046875,0.96875
09:06:32.148,,,,0.15625,0.046875,0.96875
09:06:32.164,,,,0.15625,0.046875,0.96875
09:06:32.174,,,,0.15625,0.046875,0.96875
09:06:32.180,-0.0024435555,0.0059914803,0.0024438351,0.15625,0.046875,0.96875
09:06:32.180,-0.0024435555,0.0059914803,0.0024438351,,,
09:06:32.220,-0.0021992023,0.005392337,4.4160188E-4,,,
09:06:32.260,0.0013166185,0.0030952976,0.0019355213,,,
09:06:32.285,,,,0.140625,0.046875,0.96875
09:06:32.300,0.0018441327,-0.0018285002,0.0037195305,,,
09:06:32.340,-7.5726793E-4,-0.009555804,-0.0054414957,,,
09:06:32.360,,,,0.171875,0.046875,0.96875
09:06:32.366,,,,0.171875,0.046875,0.96875
09:06:32.371,,,,0.15625,0.046875,0.96875
09:06:32.380,0.002834078,0.00502282,0.0038917563,,,
09:06:32.381,,,,0.15625,0.046875,0.96875
09:06:32.386,,,,0.15625,0.046875,0.96875
09:06:32.420,3.5340426E-4,-0.011958953,0.008336561,,,
09:06:32.460,0.0031745057,0.0030797136,0.0075028557,,,
09:06:32.477,,,,0.15625,0.046875,0.96875
09:06:32.484,,,,0.15625,0.046875,0.96875
09:06:32.490,,,,0.15625,0.046875,0.96875
09:06:32.499,,,,0.171875,0.046875,0.96875
09:06:32.500,0.0065924106,-0.011949945,0.0021382826,,,
09:06:32.506,,,,0.15625,0.046875,0.96875
09:06:32.517,,,,0.15625,0.046875,0.96875
09:06:32.540,0.002637273,0.009459893,-0.005985694,,,
09:06:32.580,0.0019340869,-0.0029118762,-0.0029700424,,,
09:06:32.620,0.0028393173,-0.0048179557,0.004138474,,,
09:06:32.660,0.0025553843,-0.0067531485,0.001966835,,,
09:06:32.680,,,,0.15625,0.046875,0.96875
09:06:32.700,-0.004291955,0.010401652,0.0044068773,,,
09:06:32.703,,,,0.15625,0.046875,0.96875
09:06:32.713,,,,0.15625,0.046875,0.96875
09:06:32.719,,,,0.15625,0.046875,0.96875
09:06:32.726,,,,0.15625,0.046875,0.96875
09:06:32.735,,,,0.15625,0.046875,0.96875
09:06:32.740,-0.0038627582,-0.0018445704,0.003966151,,,
09:06:32.779,0.0048731314,-0.0029784665,-0.0063180868,,,
09:06:32.820,-0.0028651548,0.0014941868,4.6601106E-4,,,
09:06:32.870,9.3698176E-4,-0.0026103233,1.9964956E-4,,,
09:06:32.910,0.0010630087,-0.0010309352,-0.0024570609,,,
09:06:32.928,,,,0.171875,0.046875,0.96875
09:06:32.936,,,,0.15625,0.046875,0.96875
09:06:32.950,-5.8137724E-4,-0.0013672907,0.0010846037,,,
09:06:32.982,,,,0.171875,0.046875,0.96875
09:06:32.990,-0.0025007736,0.006459874,5.3671014E-4,,,
09:06:32.995,,,,0.171875,0.046875,0.96875
09:06:33.004,,,,0.15625,0.046875,0.96875
09:06:33.009,,,,0.15625,0.046875,0.96875
09:06:33.027,,,,0.15625,0.046875,0.96875
09:06:33.030,0.00368192,0.0011996357,0.0015816368,,,
09:06:33.038,,,,0.15625,0.046875,0.96875
09:06:33.044,,,,0.15625,0.046875,0.96875
09:06:33.056,,,,0.15625,0.046875,0.96875
09:06:33.062,,,,0.15625,0.046875,0.96875
09:06:33.070,-0.002618887,-0.0013373262,-0.001432945,,,
09:06:33.072,,,,0.15625,0.046875,0.96875
09:06:33.110,-0.0019175425,-7.641361E-4,-0.0032672314,,,
09:06:33.150,-4.0743145E-4,0.0021687334,0.0014540479,,,
09:06:33.190,0.0016108477,6.335081E-4,-0.0052831764,,,
09:06:33.227,,,,0.171875,0.046875,0.96875
09:06:33.230,-7.475006E-4,-0.004044107,7.3830463E-4,,,
09:06:33.234,,,,0.15625,0.046875,0.96875
09:06:33.246,,,,0.15625,0.046875,0.96875
09:06:33.270,-0.0015516542,0.0073466273,-0.0035103508,,,
09:06:33.280,,,,0.15625,0.046875,0.96875
09:06:33.304,,,,0.15625,0.046875,0.96875
09:06:33.310,,,,0.15625,0.046875,0.96875
09:06:33.314,0.0012402245,-0.005912442,0.0012352405,,,
09:06:33.350,-0.002179692,0.0012706022,0.0041878754,,,
09:06:33.390,0.0030919912,-0.003250991,-0.0026029323,,,
09:06:33.428,,,,0.15625,0.046875,0.96875
09:06:33.430,-0.001611741,-2.8917825E-4,-0.005418837,,,
09:06:33.433,,,,0.15625,0.046875,0.96875
09:06:33.440,,,,0.15625,0.046875,0.96875
09:06:33.449,,,,0.15625,0.046875,0.96875
09:06:33.462,,,,0.15625,0.046875,0.96875
09:06:33.467,,,,0.15625,0.046875,0.96875
09:06:33.470,-0.0010111149,0.0019370165,0.0023740113,,,
09:06:33.520,1.8863018E-4,-0.0037498598,-0.0031368223,,,
09:06:33.560,-0.004444494,0.0012393857,0.0015714258,,,
09:06:33.600,3.9448537E-4,6.7598105E-4,9.5886244E-5,,,
09:06:33.629,,,,0.171875,0.046875,0.96875
09:06:33.640,0.0018931213,-0.0070820404,0.0025033506,,,
09:06:33.680,-4.934531E-4,0.0035138638,-0.0023612718,,,
09:06:33.712,,,,0.15625,0.046875,0.96875
09:06:33.718,,,,0.15625,0.046875,0.96875
09:06:33.722,-0.0011032874,-1.3342386E-4,0.0029286148,,,
09:06:33.727,,,,0.15625,0.046875,0.96875
09:06:33.733,,,,0.15625,0.046875,0.96875
09:06:33.740,,,,0.15625,0.046875,0.96875
09:06:33.760,-0.005826943,-0.0018778899,0.0024160221,,,
09:06:33.777,,,,0.15625,0.046875,0.96875
09:06:33.785,,,,0.15625,0.046875,0.96875
09:06:33.795,,,,0.15625,0.046875,0.96875
09:06:33.800,-0.0026075335,-0.0030084553,-0.0022200681,,,
09:06:33.801,,,,0.15625,0.046875,0.96875
09:06:33.811,,,,0.15625,0.046875,0.96875
09:06:33.818,,,,0.171875,0.046875,0.96875
09:06:33.839,0.007760641,0.0030052825,0.001957013,,,
09:06:33.890,-0.0011453045,-0.0032278704,-0.002852859,,,
09:06:33.930,-0.002129409,-0.0022458995,-0.002787314,,,
09:06:33.970,2.807967E-4,0.003471865,-0.0029480644,,,
09:06:33.981,,,,0.15625,0.046875,0.96875
09:06:33.990,,,,0.15625,0.046875,0.96875
09:06:34.010,-0.0023839974,-0.0043460247,2.0324772E-4,,,
09:06:34.030,,,,0.171875,0.046875,0.96875
09:06:34.050,-1.6806228E-4,7.028335E-4,-0.0059694536,,,
09:06:34.051,,,,0.1875,0.125,1.15625
09:06:34.057,,,,0.203125,0.28125,1.421875
09:06:34.067,,,,0.296875,0.359375,1.75
09:06:34.090,-1.5125667E-4,0.002390373,0.0064927437,,,
09:06:34.130,0.0027203104,3.935129E-4,-8.917615E-5,,,
09:06:34.170,-0.0019462489,0.0027711587,-9.591542E-4,,,
09:06:34.178,,,,0.203125,0.171875,1.859375
09:06:34.189,,,,0.40625,0.015625,1.984375
09:06:34.206,,,,0.671875,-0.1875,1.984375
09:06:34.210,6.6536886E-4,-0.003658301,-8.63268E-4,,,
09:06:34.217,,,,0.671875,-0.296875,1.984375
09:06:34.224,,,,0.5625,-0.40625,1.578125
09:06:34.242,,,,0.5,-0.453125,1.265625
09:06:34.250,-0.0015984303,0.0035190545,0.0027386902,,,
09:06:34.290,0.0018573098,5.304255E-4,0.004881835,,,
09:06:34.330,0.002111029,-0.0034776877,0.0037344096,,,
09:06:34.370,0.0045366483,-0.008403345,0.0011636661,,,
09:06:34.378,,,,0.203125,-0.5625,0.796875
09:06:34.410,-0.0025088147,-7.5149385E-4,-0.0031274864,,,
09:06:34.421,,,,0.0,-0.53125,0.59375
09:06:34.450,0.0025760434,-0.02726325,0.0064137788,,,
09:06:34.457,,,,-0.078125,-0.453125,0.359375
09:06:34.463,,,,0.0,-0.359375,0.375
09:06:34.473,,,,0.03125,-0.15625,0.328125
09:06:34.478,,,,0.03125,-0.078125,0.265625
09:06:34.490,0.061424885,-0.009156067,0.06136321,,,
09:06:34.528,,,,0.015625,-0.046875,0.015625
09:06:34.530,0.18426189,0.031090604,0.31252664,,,
09:06:34.539,,,,0.203125,0.0,0.015625
09:06:34.545,,,,-0.015625,-0.15625,0.015625
09:06:34.556,,,,0.0,-0.328125,-0.375
09:06:34.562,,,,0.234375,-0.734375,-0.375
09:06:34.570,0.10892652,0.021389743,0.7281979,,,
09:06:34.572,,,,0.4375,-0.96875,-0.25
09:06:34.610,-0.23353353,-0.12335176,0.75821,,,
09:06:34.650,-0.3874995,-0.30437595,0.8906898,,,
09:06:34.690,-0.5377144,-0.3165653,0.53047824,,,
09:06:34.728,,,,0.390625,-0.9375,-0.046875
09:06:34.730,-0.46394783,-0.24403964,0.020179484,,,
09:06:34.743,,,,0.25,-0.875,-0.078125
09:06:34.760,,,,0.21875,-0.921875,-0.078125
09:06:34.770,-0.46896905,-0.029572228,-0.39360604,,,
09:06:34.779,,,,-0.015625,-0.984375,-0.15625
09:06:34.794,,,,0.0,-0.953125,-0.03125
09:06:34.800,,,,0.0,-0.953125,0.015625
09:06:34.810,-0.35307798,0.20739381,-0.7099828,,,
09:06:34.849,-0.21142253,0.23169836,-0.78620136,,,
09:06:34.890,0.008352533,0.09492989,-0.76339173,,,
09:06:34.927,,,,0.03125,-0.984375,0.015625
09:06:34.930,0.09694598,0.1498168,-0.8210858,,,
09:06:34.934,,,,0.046875,-0.984375,0.0625
09:06:34.943,,,,0.109375,-0.96875,0.09375
09:06:34.949,,,,0.0625,-0.984375,0.0625
09:06:34.956,,,,0.0625,-0.984375,0.078125
09:06:34.965,,,,0.125,-0.96875,0.078125
09:06:34.970,0.13097696,0.17943959,-0.8626833,,,
09:06:35.010,0.091731824,0.12985499,-0.771581,,,
09:06:35.050,-0.15584466,0.1997064,-0.8203262,,,
09:06:35.110,-0.4386489,0.15798284,-0.83760995,,,
09:06:35.183,,,,0.09375,-0.96875,0.09375
09:06:35.184,-0.394784,0.14218456,-0.75384897,,,
09:06:35.238,-0.3553056,0.1279661,-0.67846406,,,
09:06:35.249,,,,0.078125,-0.96875,0.09375
09:06:35.254,,,,0.109375,-0.96875,0.0625
09:06:35.260,,,,0.09375,-0.953125,0.0625
09:06:35.269,,,,0.09375,-0.953125,0.0625
09:06:35.274,,,,0.09375,-0.984375,0.09375
09:06:35.285,,,,0.125,-0.96875,0.09375
09:06:35.291,,,,0.109375,-0.984375,0.125
09:06:35.301,,,,0.09375,-0.984375,0.109375
09:06:35.307,,,,0.109375,-0.984375,0.09375
09:06:35.308,-0.31977504,0.115169495,-0.6106177,,,
09:06:35.318,,,,0.109375,-0.96875,0.125
09:06:35.324,,,,0.140625,-0.96875,0.125
09:06:35.379,-0.2877975,0.103652544,-0.5495559,,,
09:06:35.459,-0.2590178,0.09328729,-0.49460033,,,
09:06:35.477,,,,0.15625,-0.984375,0.15625
09:06:35.483,,,,0.171875,-0.96875,0.171875
09:06:35.494,,,,0.125,-0.984375,0.09375
09:06:35.508,,,,0.109375,-0.984375,0.109375
09:06:35.525,,,,0.125,-0.96875,0.109375
09:06:35.529,-0.43196857,0.011009341,-0.15949573,,,
09:06:35.539,,,,0.140625,-0.96875,0.09375
09:06:35.599,-0.3795432,0.0017785269,-0.17650515,,,
09:06:35.669,-0.34971872,-0.0056503047,-0.12677455,,,
09:06:35.680,,,,0.125,-0.96875,0.109375
09:06:35.686,,,,0.140625,-0.96875,0.125
09:06:35.693,,,,0.109375,-0.984375,0.109375
09:06:35.698,,,,0.109375,-0.984375,0.125
09:06:35.709,,,,0.109375,-0.96875,0.109375
09:06:35.722,,,,0.125,-0.96875,0.109375
09:06:35.740,-0.29519117,-0.035187814,-0.10926312,,,
09:06:35.828,,,,0.15625,-0.96875,0.125
09:06:35.834,,,,0.140625,-0.96875,0.09375
09:06:35.861,,,,0.140625,-0.96875,0.09375
09:06:35.880,,,,0.109375,-0.96875,0.109375
09:06:35.898,,,,0.109375,-0.96875,0.09375
09:06:35.911,,,,0.125,-0.96875,0.125
09:06:36.027,,,,0.125,-0.96875,0.125
09:06:36.034,,,,0.125,-0.96875,0.109375
09:06:36.043,,,,0.125,-0.96875,0.109375
09:06:36.049,,,,0.125,-0.96875,0.109375
09:06:36.063,,,,0.109375,-0.984375,0.109375
09:06:36.068,,,,0.140625,-0.96875,0.125
09:06:36.245,,,,0.125,-0.96875,0.125
09:06:36.285,,,,0.125,-0.984375,0.09375
09:06:36.295,,,,0.125,-0.96875,0.109375
09:06:36.301,,,,0.125,-0.984375,0.09375
09:06:36.311,,,,0.140625,-0.96875,0.09375
09:06:36.316,,,,0.125,-0.96875,0.109375
09:06:36.400,-0.27555975,-0.032108486,-0.08119813,,,
09:06:36.471,-0.24932213,-0.025601732,-0.07857148,,,
09:06:36.477,,,,0.140625,-0.96875,0.125
09:06:36.483,,,,0.125,-0.984375,0.109375
09:06:36.502,,,,0.125,-0.96875,0.109375
09:06:36.522,,,,0.109375,-0.96875,0.109375
09:06:36.540,-0.22263211,-0.03007281,-0.053136207,0.109375,-0.96875,0.109375
09:06:36.540,-0.22263211,-0.03007281,-0.053136207,,,
09:06:36.550,,,,0.125,-0.984375,0.109375
09:06:36.581,,,,0.140625,-0.96875,0.125
09:06:36.586,,,,0.140625,-0.96875,0.125
09:06:36.593,,,,0.15625,-0.984375,0.125
09:06:36.604,,,,0.140625,-0.984375,0.125
09:06:36.611,-0.20256616,-0.038271584,-0.05858919,0.109375,-0.96875,0.078125
09:06:36.611,-0.20256616,-0.038271584,-0.05858919,,,
09:06:36.620,,,,0.109375,-0.96875,0.078125
09:06:36.691,-0.18252929,-0.00983505,-0.0571248,,,
09:06:36.761,-0.15922262,-0.023133773,-0.049215052,,,
09:06:36.778,,,,0.125,-0.96875,0.09375
09:06:36.788,,,,0.125,-0.96875,0.09375
09:06:36.805,,,,0.125,-0.984375,0.09375
09:06:36.825,,,,0.109375,-0.984375,0.09375
09:06:36.831,-0.15692338,-0.018623132,-0.056598235,,,
09:06:36.844,,,,0.125,-0.96875,0.09375
09:06:36.857,,,,0.125,-0.953125,0.109375
09:06:36.977,,,,0.140625,-0.984375,0.09375
09:06:36.983,,,,0.140625,-0.984375,0.109375
09:06:36.990,,,,0.140625,-0.96875,0.109375
09:06:36.996,,,,0.125,-0.984375,0.09375
09:06:37.005,,,,0.140625,-0.96875,0.109375
09:06:37.010,,,,0.15625,-0.984375,0.09375
09:06:37.181,,,,0.140625,-0.984375,0.09375
09:06:37.239,,,,0.140625,-0.96875,0.09375
09:06:37.245,,,,0.140625,-0.96875,0.109375
09:06:37.251,,,,0.125,-0.96875,0.109375
09:06:37.264,,,,0.140625,-0.96875,0.109375
09:06:37.274,,,,0.140625,-0.984375,0.109375
09:06:37.329,,,,0.140625,-0.96875,0.109375
09:06:37.335,,,,0.140625,-0.96875,0.109375
09:06:37.346,,,,0.140625,-0.96875,0.109375
09:06:37.351,,,,0.140625,-0.984375,0.09375
09:06:37.363,,,,0.140625,-0.984375,0.09375
09:06:37.370,,,,0.125,-0.953125,0.109375
09:06:37.531,,,,0.125,-0.96875,0.109375
09:06:37.593,,,,0.140625,-0.984375,0.109375
09:06:37.599,,,,0.140625,-0.96875,0.125
09:06:37.605,,,,0.125,-0.96875,0.109375
09:06:37.615,,,,0.140625,-0.984375,0.109375
09:06:37.620,,,,0.140625,-0.96875,0.109375
09:06:37.728,,,,0.140625,-0.984375,0.109375
09:06:37.734,,,,0.140625,-0.984375,0.09375
09:06:37.740,,,,0.125,-0.96875,0.109375
09:06:37.749,,,,0.140625,-0.96875,0.109375
09:06:37.755,,,,0.140625,-0.96875,0.109375
09:06:37.765,,,,0.125,-0.96875,0.109375
09:06:37.932,,,,0.140625,-0.96875,0.109375
09:06:38.023,,,,0.140625,-0.984375,0.109375
09:06:38.028,,,,0.125,-0.96875,0.109375
09:06:38.037,,,,0.125,-0.96875,0.09375
09:06:38.043,,,,0.140625,-0.984375,0.109375
09:06:38.053,,,,0.140625,-0.984375,0.125
09:06:38.077,,,,0.125,-0.953125,0.09375
09:06:38.086,,,,0.140625,-0.96875,0.09375
09:06:38.095,,,,0.125,-0.96875,0.109375
09:06:38.105,,,,0.125,-0.96875,0.109375
09:06:38.111,,,,0.140625,-0.96875,0.109375
09:06:38.121,,,,0.140625,-0.96875,0.125
09:06:38.279,,,,0.125,-0.96875,0.109375
09:06:38.336,,,,0.140625,-0.96875,0.109375
09:06:38.346,,,,0.140625,-0.984375,0.109375
09:06:38.355,,,,0.125,-0.96875,0.09375
09:06:38.361,,,,0.125,-0.96875,0.09375
09:06:38.372,,,,0.15625,-0.96875,0.125
09:06:38.478,,,,0.140625,-0.96875,0.109375
09:06:38.492,,,,0.140625,-0.96875,0.109375
09:06:38.498,,,,0.140625,-0.984375,0.109375
09:06:38.515,,,,0.125,-0.96875,0.109375
09:06:38.526,,,,0.125,-0.96875,0.109375
09:06:38.532,,,,0.140625,-0.984375,0.109375
09:06:38.684,,,,0.140625,-0.96875,0.109375
09:06:38.735,,,,0.140625,-0.96875,0.125
09:06:38.765,,,,0.140625,-0.984375,0.125
09:06:38.776,,,,0.140625,-0.96875,0.109375
09:06:38.783,,,,0.140625,-0.96875,0.125
09:06:38.790,,,,0.140625,-0.984375,0.109375
09:06:38.829,,,,0.140625,-0.96875,0.09375
09:06:38.834,,,,0.125,-0.96875,0.109375
09:06:38.840,,,,0.140625,-0.96875,0.109375
09:06:38.851,,,,0.15625,-0.96875,0.125
09:06:38.861,,,,0.140625,-0.96875,0.09375
09:06:38.867,,,,0.125,-0.96875,0.09375
09:06:39.033,,,,0.125,-0.96875,0.109375
09:06:39.074,,,,0.140625,-0.96875,0.125
09:06:39.100,,,,0.15625,-0.96875,0.125
09:06:39.106,,,,0.140625,-0.96875,0.109375
09:06:39.116,,,,0.125,-0.96875,0.125
09:06:39.122,,,,0.140625,-0.96875,0.125
09:06:39.228,,,,0.15625,-0.96875,0.109375
09:06:39.237,,,,0.15625,-0.96875,0.109375
09:06:39.243,,,,0.140625,-0.96875,0.109375
09:06:39.253,,,,0.125,-0.96875,0.109375
09:06:39.259,,,,0.125,-0.953125,0.109375
09:06:39.269,,,,0.109375,-0.984375,0.109375
09:06:39.483,,,,0.109375,-0.96875,0.109375
09:06:39.546,,,,0.125,-0.96875,0.09375
09:06:39.554,,,,0.140625,-0.984375,0.09375
09:06:39.560,,,,0.1875,-0.984375,0.078125
09:06:39.570,,,,0.140625,-0.96875,0.046875
09:06:39.576,,,,0.125,-0.890625,0.03125
09:06:39.588,,,,0.171875,-0.84375,0.046875
09:06:39.594,,,,0.140625,-0.71875,0.078125
09:06:39.606,,,,0.0625,-0.59375,0.0625
09:06:39.612,,,,-0.046875,-0.453125,-0.109375
09:06:39.623,,,,0.015625,-0.484375,-0.15625
09:06:39.629,,,,0.109375,-0.296875,-0.203125
09:06:39.779,,,,-0.078125,-0.1875,-0.171875
09:06:39.786,,,,-0.234375,-0.546875,-0.125
09:06:39.795,,,,-0.46875,-0.5,-0.3125
09:06:39.816,,,,-0.625,-0.484375,-0.234375
09:06:39.849,,,,-0.5,-0.671875,-0.109375
09:06:39.859,,,,-0.4375,-0.59375,0.03125
09:06:39.979,,,,-0.46875,-0.75,0.1875
09:06:39.985,,,,-0.65625,-1.015625,-0.046875
09:06:39.996,,,,-0.484375,-0.859375,0.21875
09:06:40.002,,,,-0.421875,-0.953125,0.296875
09:06:40.017,,,,-0.46875,-0.734375,0.765625
09:06:40.026,,,,-0.4375,-0.609375,0.78125
09:06:40.180,,,,0.046875,-0.734375,1.265625
09:06:40.203,,,,0.265625,-0.53125,1.6875
09:06:40.252,,,,0.171875,-0.375,1.109375
09:06:40.258,,,,0.484375,-0.265625,1.40625
09:06:40.267,,,,0.953125,0.4375,1.6875
09:06:40.273,,,,0.8125,0.125,1.234375
09:06:40.377,,,,0.234375,-0.0625,1.171875
09:06:40.383,,,,0.140625,0.296875,1.328125
09:06:40.389,,,,0.859375,0.140625,1.34375
09:06:40.400,,,,0.578125,-0.109375,0.796875
09:06:40.406,,,,0.21875,0.0625,0.875
09:06:40.416,,,,0.203125,0.109375,1.0
09:06:40.530,,,,0.234375,0.03125,1.015625
09:06:40.552,,,,0.265625,0.0,0.890625
09:06:40.559,,,,0.375,0.046875,0.96875
09:06:40.570,,,,0.390625,0.046875,0.953125
09:06:40.575,,,,0.359375,0.046875,0.90625
09:06:40.583,,,,0.3125,0.015625,0.9375
09:06:40.727,,,,0.328125,0.03125,0.953125
09:06:40.739,,,,0.34375,0.046875,0.921875
09:06:40.752,,,,0.34375,0.046875,0.9375
09:06:40.765,,,,0.34375,0.03125,0.9375
09:06:40.779,,,,0.3125,0.046875,0.90625
09:06:40.793,,,,0.296875,0.03125,0.921875
09:06:40.811,1.1041791,-0.42611137,1.079335,,,
09:06:40.890,0.66834617,-0.1290569,0.6284084,,,
09:06:40.927,,,,0.328125,0.03125,0.9375
09:06:40.940,,,,0.328125,0.03125,0.921875
09:06:40.954,,,,0.3125,0.03125,0.90625
09:06:40.969,,,,0.296875,0.015625,0.921875
09:06:40.972,0.51471955,-0.12713756,0.5126134,,,
09:06:40.984,,,,0.3125,0.03125,0.9375
09:06:40.999,,,,0.328125,0.03125,0.9375
09:06:41.041,0.52059627,-0.1871533,0.48574173,,,
09:06:41.111,0.44129053,-0.1273491,0.4674898,,,
09:06:41.127,,,,0.328125,0.03125,0.9375
09:06:41.139,,,,0.328125,0.03125,0.9375
09:06:41.150,,,,0.3125,0.03125,0.9375
09:06:41.160,,,,0.328125,0.03125,0.921875
09:06:41.167,,,,0.34375,0.03125,0.9375
09:06:41.174,,,,0.3125,0.03125,0.921875
09:06:41.181,0.41298178,-0.11878898,0.39459336,,,
09:06:41.251,0.3716836,-0.09856048,0.3467844,,,
09:06:41.277,,,,0.28125,0.03125,0.9375
09:06:41.283,,,,0.296875,0.03125,0.9375
09:06:41.289,,,,0.3125,0.03125,0.921875
09:06:41.295,,,,0.3125,0.03125,0.953125
09:06:41.301,,,,0.296875,0.03125,0.921875
09:06:41.307,,,,0.296875,0.03125,0.9375
09:06:41.479,,,,0.296875,0.03125,0.9375
09:06:41.505,,,,0.3125,0.03125,0.921875
09:06:41.516,,,,0.3125,0.03125,0.9375
09:06:41.521,,,,0.3125,0.03125,0.9375
09:06:41.530,,,,0.3125,0.03125,0.9375
09:06:41.536,,,,0.296875,0.03125,0.921875
09:06:41.727,,,,0.296875,0.03125,0.9375
09:06:41.740,,,,0.3125,0.03125,0.9375
09:06:41.755,,,,0.296875,0.03125,0.9375
09:06:41.769,,,,0.296875,0.03125,0.921875
09:06:41.785,,,,0.328125,0.03125,0.9375
09:06:41.801,,,,0.296875,0.03125,0.921875
09:06:41.827,,,,0.296875,0.03125,0.921875
09:06:41.835,,,,0.3125,0.03125,0.9375
09:06:41.841,,,,0.3125,0.03125,0.9375
09:06:41.848,,,,0.296875,0.03125,0.9375
09:06:41.854,,,,0.296875,0.03125,0.9375
09:06:41.860,,,,0.296875,0.03125,0.9375
09:06:42.029,,,,0.3125,0.03125,0.9375
09:06:42.079,,,,0.3125,0.03125,0.9375
09:06:42.106,,,,0.296875,0.03125,0.9375
09:06:42.112,,,,0.3125,0.03125,0.9375
09:06:42.119,,,,0.3125,0.03125,0.9375
09:06:42.125,,,,0.3125,0.03125,0.9375
09:06:42.227,,,,0.3125,0.03125,0.9375
09:06:42.233,,,,0.296875,0.03125,0.9375
09:06:42.239,,,,0.296875,0.03125,0.9375
09:06:42.246,,,,0.3125,0.03125,0.9375
09:06:42.255,,,,0.3125,0.03125,0.9375
09:06:42.269,,,,0.3125,0.03125,0.9375
09:06:42.428,,,,0.296875,0.03125,0.9375
09:06:42.434,,,,0.296875,0.03125,0.9375
09:06:42.445,,,,0.3125,0.03125,0.9375
09:06:42.465,,,,0.3125,0.03125,0.9375
09:06:42.480,,,,0.3125,0.03125,0.9375
09:06:42.495,,,,0.3125,0.03125,0.9375
09:06:42.578,,,,0.3125,0.03125,0.9375
09:06:42.584,,,,0.3125,0.03125,0.9375
09:06:42.589,,,,0.3125,0.03125,0.9375
09:06:42.600,,,,0.3125,0.03125,0.9375
09:06:42.613,,,,0.3125,0.03125,0.921875
09:06:42.625,,,,0.296875,0.03125,0.9375
09:06:42.779,,,,0.296875,0.03125,0.9375
09:06:42.790,,,,0.296875,0.03125,0.9375
09:06:42.800,,,,0.3125,0.03125,0.9375
09:06:42.806,,,,0.3125,0.03125,0.9375
09:06:42.812,,,,0.296875,0.03125,0.9375
09:06:42.818,,,,0.3125,0.03125,0.9375
09:06:42.978,,,,0.3125,0.03125,0.9375
09:06:42.990,,,,0.296875,0.03125,0.9375
09:06:43.002,,,,0.3125,0.03125,0.9375
09:06:43.014,,,,0.3125,0.03125,0.9375
09:06:43.025,,,,0.296875,0.03125,0.9375
09:06:43.038,,,,0.3125,0.03125,0.9375
09:06:43.177,,,,0.3125,0.03125,0.9375
09:06:43.196,,,,0.296875,0.03125,0.9375
09:06:43.205,,,,0.28125,0.03125,0.9375
09:06:43.211,,,,0.3125,0.03125,0.9375
09:06:43.222,,,,0.3125,0.03125,0.9375
09:06:43.228,,,,0.28125,0.03125,0.9375
09:06:43.327,,,,0.296875,0.03125,0.9375
09:06:43.339,,,,0.3125,0.03125,0.9375
09:06:43.355,,,,0.296875,0.03125,0.9375
09:06:43.372,,,,0.296875,0.03125,0.9375
09:06:43.392,,,,0.296875,0.03125,0.9375
09:06:43.404,,,,0.3125,0.03125,0.9375
09:06:43.528,,,,0.3125,0.03125,0.9375
09:06:43.534,,,,0.3125,0.03125,0.9375
09:06:43.546,,,,0.296875,0.03125,0.921875
09:06:43.564,,,,0.3125,0.03125,0.9375
09:06:43.580,,,,0.3125,0.03125,0.9375
09:06:43.600,,,,0.3125,0.03125,0.9375
09:06:43.727,,,,0.296875,0.03125,0.9375
09:06:43.733,,,,0.296875,0.03125,0.9375
09:06:43.739,,,,0.3125,0.03125,0.9375
09:06:43.745,,,,0.296875,0.03125,0.9375
09:06:43.764,,,,0.3125,0.03125,0.9375
09:06:43.784,,,,0.328125,0.03125,0.9375
09:06:43.928,,,,0.296875,0.03125,0.9375
09:06:43.941,,,,0.296875,0.03125,0.9375
09:06:43.956,,,,0.3125,0.03125,0.9375
09:06:43.973,,,,0.3125,0.03125,0.9375
09:06:44.001,,,,0.3125,0.03125,0.9375
09:06:44.008,,,,0.3125,0.03125,0.9375
09:06:44.077,,,,0.3125,0.03125,0.9375
09:06:44.083,,,,0.3125,0.03125,0.9375
09:06:44.089,,,,0.28125,0.03125,0.9375
09:06:44.095,,,,0.28125,0.03125,0.9375
09:06:44.101,,,,0.296875,0.03125,0.9375
09:06:44.107,,,,0.296875,0.03125,0.9375
09:06:44.278,,,,0.296875,0.03125,0.9375
09:06:44.293,,,,0.296875,0.03125,0.9375
09:06:44.331,,,,0.296875,0.03125,0.9375
09:06:44.357,,,,0.296875,0.03125,0.9375
09:06:44.363,,,,0.296875,0.03125,0.9375
09:06:44.371,,,,0.296875,0.03125,0.9375
09:06:44.478,,,,0.28125,0.03125,0.9375
09:06:44.490,,,,0.296875,0.03125,0.921875
09:06:44.501,,,,0.296875,0.03125,0.921875
09:06:44.507,,,,0.328125,0.03125,0.9375
09:06:44.515,,,,0.328125,0.03125,0.9375
09:06:44.522,,,,0.3125,0.03125,0.921875
09:06:44.677,,,,0.296875,0.03125,0.9375
09:06:44.683,,,,0.328125,0.03125,0.9375
09:06:44.690,,,,0.328125,0.03125,0.9375
09:06:44.696,,,,0.3125,0.03125,0.9375
09:06:44.701,,,,0.3125,0.03125,0.9375
09:06:44.708,,,,0.328125,0.03125,0.9375
09:06:44.836,,,,0.296875,0.03125,0.921875
09:06:44.858,,,,0.3125,0.03125,0.9375
09:06:44.870,,,,0.3125,0.03125,0.921875
09:06:44.886,,,,0.296875,0.03125,0.921875
09:06:44.894,,,,0.3125,0.03125,0.9375
09:06:44.900,,,,0.328125,0.03125,0.9375
09:06:45.027,,,,0.328125,0.03125,0.9375
09:06:45.033,,,,0.3125,0.03125,0.921875
09:06:45.039,,,,0.3125,0.03125,0.9375
09:06:45.046,,,,0.328125,0.03125,0.9375
09:06:45.052,,,,0.3125,0.03125,0.921875
09:06:45.059,,,,0.3125,0.03125,0.9375
09:06:45.230,,,,0.3125,0.03125,0.9375
09:06:45.271,,,,0.3125,0.03125,0.921875
09:06:45.302,,,,0.3125,0.03125,0.921875
09:06:45.319,,,,0.3125,0.03125,0.921875
09:06:45.333,,,,0.3125,0.03125,0.9375
09:06:45.347,,,,0.328125,0.03125,0.9375
09:06:45.428,,,,0.3125,0.03125,0.9375
09:06:45.445,,,,0.3125,0.03125,0.9375
09:06:45.468,,,,0.3125,0.03125,0.921875
09:06:45.496,,,,0.3125,0.03125,0.921875
09:06:45.510,,,,0.3125,0.03125,0.9375
09:06:45.523,,,,0.328125,0.03125,0.921875
09:06:45.578,,,,0.3125,0.03125,0.921875
09:06:45.591,,,,0.3125,0.03125,0.921875
09:06:45.608,,,,0.3125,0.03125,0.9375
09:06:45.623,,,,0.328125,0.03125,0.9375
09:06:45.640,,,,0.328125,0.03125,0.921875
09:06:45.656,,,,0.3125,0.03125,0.921875
09:06:45.778,,,,0.328125,0.03125,0.9375
09:06:45.801,,,,0.3125,0.03125,0.9375
09:06:45.809,,,,0.3125,0.03125,0.9375
09:06:45.821,,,,0.3125,0.03125,0.921875
09:06:45.835,,,,0.3125,0.03125,0.9375
09:06:45.846,,,,0.328125,0.03125,0.9375
09:06:45.980,,,,0.3125,0.03125,0.921875
09:06:45.997,,,,0.3125,0.03125,0.9375
09:06:46.014,,,,0.3125,0.03125,0.9375
09:06:46.029,,,,0.3125,0.03125,0.9375
09:06:46.044,,,,0.3125,0.03125,0.9375
09:06:46.055,,,,0.3125,0.03125,0.9375
09:06:46.177,,,,0.3125,0.03125,0.921875
09:06:46.197,,,,0.3125,0.03125,0.9375
09:06:46.210,,,,0.3125,0.03125,0.9375
09:06:46.215,,,,0.3125,0.03125,0.9375
09:06:46.222,,,,0.3125,0.03125,0.9375
09:06:46.229,,,,0.3125,0.03125,0.9375
09:06:46.327,,,,0.3125,0.03125,0.9375
09:06:46.333,,,,0.3125,0.03125,0.9375
09:06:46.339,,,,0.3125,0.03125,0.9375
09:06:46.346,,,,0.3125,0.03125,0.9375
09:06:46.356,,,,0.3125,0.03125,0.9375
09:06:46.368,,,,0.3125,0.03125,0.921875
09:06:46.541,,,,0.3125,0.03125,0.9375
09:06:46.601,,,,0.3125,0.03125,0.9375
09:06:46.607,,,,0.3125,0.03125,0.9375
09:06:46.615,,,,0.3125,0.03125,0.9375
09:06:46.620,,,,0.3125,0.03125,0.9375
09:06:46.626,,,,0.3125,0.03125,0.9375
09:06:46.728,,,,0.3125,0.03125,0.9375
09:06:46.736,,,,0.3125,0.03125,0.9375
09:06:46.742,,,,0.3125,0.03125,0.9375
09:06:46.764,,,,0.3125,0.03125,0.9375
09:06:46.778,,,,0.3125,0.03125,0.9375
09:06:46.792,,,,0.3125,0.03125,0.9375
09:06:46.927,,,,0.3125,0.03125,0.9375
09:06:46.934,,,,0.3125,0.03125,0.921875
09:06:46.940,,,,0.3125,0.03125,0.921875
09:06:46.946,,,,0.3125,0.03125,0.9375
09:06:46.970,,,,0.296875,0.03125,0.9375
09:06:46.991,,,,0.3125,0.03125,0.9375
09:06:47.078,,,,0.3125,0.03125,0.9375
09:06:47.084,,,,0.3125,0.03125,0.9375
09:06:47.090,,,,0.3125,0.03125,0.9375
09:06:47.106,,,,0.3125,0.03125,0.9375
09:06:47.112,,,,0.296875,0.03125,0.9375
09:06:47.121,,,,0.3125,0.03125,0.9375
09:06:47.279,,,,0.3125,0.03125,0.9375
09:06:47.296,,,,0.3125,0.03125,0.9375
09:06:47.321,,,,0.296875,0.03125,0.9375
09:06:47.354,,,,0.3125,0.03125,0.9375
09:06:47.360,,,,0.328125,0.03125,0.9375
09:06:47.366,,,,0.3125,0.03125,0.9375
09:06:47.477,,,,0.296875,0.03125,0.9375
09:06:47.483,,,,0.3125,0.03125,0.9375
09:06:47.489,,,,0.328125,0.03125,0.9375
09:06:47.495,,,,0.328125,0.03125,0.921875
09:06:47.501,,,,0.328125,0.015625,0.921875
09:06:47.512,,,,0.34375,0.015625,0.9375
09:06:47.679,,,,0.328125,0.015625,0.9375
09:06:47.709,,,,0.328125,0.015625,0.921875
09:06:47.720,,,,0.328125,0.015625,0.921875
09:06:47.734,,,,0.328125,0.015625,0.921875
09:06:47.748,,,,0.328125,0.03125,0.921875
09:06:47.757,,,,0.328125,0.03125,0.921875
09:06:47.828,,,,0.328125,0.015625,0.921875
09:06:47.834,,,,0.328125,0.03125,0.921875
09:06:47.839,,,,0.328125,0.03125,0.921875
09:06:47.847,,,,0.328125,0.015625,0.921875
09:06:47.853,,,,0.328125,0.03125,0.921875
09:06:47.859,,,,0.328125,0.03125,0.921875
09:06:48.028,,,,0.328125,0.03125,0.9375
09:06:48.095,,,,0.328125,0.03125,0.921875
09:06:48.108,,,,0.328125,0.03125,0.921875
09:06:48.117,,,,0.328125,0.03125,0.9375
09:06:48.123,,,,0.328125,0.03125,0.921875
09:06:48.133,,,,0.328125,0.03125,0.921875
09:06:48.228,,,,0.34375,0.03125,0.921875
09:06:48.238,,,,0.328125,0.03125,0.921875
09:06:48.243,,,,0.328125,0.03125,0.921875
09:06:48.255,,,,0.328125,0.03125,0.921875
09:06:48.261,,,,0.328125,0.03125,0.921875
09:06:48.271,,,,0.328125,0.03125,0.921875
09:06:50.329,0.32111192,-0.09375815,0.34001127,,,
